Beer,Brewery,State,Region,Style_12,Style_05,Size,ABV,IBU
Get Together,NorthGate Brewing,MN,Midwest,IPA,Strong Ale,16,4.5,50
Maggie's Leap,NorthGate Brewing,MN,Midwest,Stout / Porter,Dark,16,4.9,26
Wall's End,NorthGate Brewing,MN,Midwest,Dark Ale,Dark,16,4.8,19
Pumpion,NorthGate Brewing,MN,Midwest,Ale - Other,Ale,16,6.0,38
Citra Ass Down,Against the Grain Brewery,KY,South,IPA,Strong Ale,16,8.0,68
London Balling,Against the Grain Brewery,KY,South,Strong Ale,Strong Ale,16,12.5,80
35 K,Against the Grain Brewery,KY,South,Stout / Porter,Dark,16,7.7,25
A Beer,Against the Grain Brewery,KY,South,Pale Ale,Ale,16,4.2,42
Rules are Rules,Against the Grain Brewery,KY,South,German Lager,Lager,16,5.0,25
Flesh Gourd'n,Against the Grain Brewery,KY,South,Ale - Other,Ale,16,6.6,21
Sho'nuff,Against the Grain Brewery,KY,South,Pale Ale,Ale,16,4.0,13
Bloody Show,Against the Grain Brewery,KY,South,Pale Ale,Ale,16,5.5,17
Rico Sauvin,Against the Grain Brewery,KY,South,IPA,Strong Ale,16,7.6,68
Coq de la Marche,Against the Grain Brewery,KY,South,Ale - Other,Ale,16,5.1,38
Pile of Face,Against the Grain Brewery,KY,South,IPA,Strong Ale,16,6.0,65
The Brown Note,Against the Grain Brewery,KY,South,Dark Ale,Dark,16,5.0,20
Habitus (2014),Mike Hess Brewing Company,CA,West,IPA,Strong Ale,16,8.0,100
Solis,Mike Hess Brewing Company,CA,West,IPA,Strong Ale,16,7.5,85
Jucundus,Mike Hess Brewing Company,CA,West,Pale Ale,Ale,16,6.0,24
Habitus,Mike Hess Brewing Company,CA,West,IPA,Strong Ale,16,8.0,100
Grazias,Mike Hess Brewing Company,CA,West,Pale Ale,Ale,16,6.3,30
Claritas,Mike Hess Brewing Company,CA,West,German Ale,Ale,16,5.8,28
Park,Fort Point Beer Company,CA,West,Pale Ale,Ale,12,4.7,19
Westfalia,Fort Point Beer Company,CA,West,Dark Ale,Dark,12,5.6,16
KSA,Fort Point Beer Company,CA,West,German Ale,Ale,12,4.6,17
Villager,Fort Point Beer Company,CA,West,IPA,Strong Ale,12,6.3,42
Yeti Imperial Stout,Great Divide Brewing Company,CO,West,Stout / Porter,Dark,12,9.5,75
Dark Star,Big Lake Brewing,MI,Midwest,Stout / Porter,Dark,16,8.0,54
Sparkle,Petoskey Brewing,MI,Midwest,Lager,Lager,16,4.1,12
Nordskye,Blackrocks Brewery,MI,Midwest,IPA,Strong Ale,12,4.8,47
Hotbox Brown,Perrin Brewing Company,MI,Midwest,Dark Ale,Dark,12,5.5,10
Gold,Perrin Brewing Company,MI,Midwest,Pale Ale,Ale,12,4.8,15
98 Problems (Cuz A Hop Ain't One),Perrin Brewing Company,MI,Midwest,IPA,Strong Ale,12,6.5,65
Veteran’s Pale Ale (VPA),Perrin Brewing Company,MI,Midwest,Pale Ale,Ale,12,5.0,40
Grapefruit IPA,Perrin Brewing Company,MI,Midwest,IPA,Strong Ale,12,5.0,35
Train Hopper,Witch's Hat Brewing Company,MI,Midwest,IPA,Strong Ale,12,5.8,72
Dirty Bastard,Founders Brewing Company,MI,Midwest,Strong Ale,Strong Ale,12,8.5,50
Damascene Apricot Sour,Tin Man Brewing Company,IN,Midwest,Sour,Other,16,5.2,12
Csar,Tin Man Brewing Company,IN,Midwest,Stout / Porter,Dark,16,12.0,90
Saucy Intruder,Black Acre Brewing Co.,IN,Midwest,Other,Other,16,7.2,75
Thai.p.a,Bare Hands Brewery,IN,Midwest,IPA,Strong Ale,16,7.0,46
Citra Faced,Three Pints Brewing,IN,Midwest,Pale Ale,Ale,16,5.5,64
Pole Barn Stout,Three Pints Brewing,IN,Midwest,Stout / Porter,Dark,16,5.5,31
Pale,Three Pints Brewing,IN,Midwest,Pale Ale,Ale,16,5.4,37
Yoshi's Nectar,Three Pints Brewing,IN,Midwest,Lager,Lager,16,5.3,27
The Gadget,Four Fathers Brewing,IN,Midwest,IPA,Strong Ale,16,6.4,90
Tribute,Indiana City Brewing,IN,Midwest,Pale Ale,Ale,12,5.8,58
Tip Off,Sun King Brewing Company,IN,Midwest,German Ale,Ale,16,5.2,29
Blonde Czich,Evil Czech Brewery,IN,Midwest,Pale Ale,Ale,16,4.9,23
Citrafest,450 North Brewing Company,IN,Midwest,IPA,Strong Ale,16,5.0,45
Deduction,Taxman Brewing Company,IN,Midwest,Belgian,Ale,12,8.0,22
Gone A-Rye,Cedar Creek Brewery,TX,South,IPA,Strong Ale,16,8.5,90
Surfrider,The Dudes' Brewing Company,CA,West,Pale Ale,Ale,16,5.2,35
Cow Creek,Twisted X Brewing Company,TX,South,Lager,Lager,12,5.4,26
Galaxy IPA,Big Muddy Brewing,IL,Midwest,IPA,Strong Ale,16,7.5,60
Gose,Lost Nation Brewing,VT,Northeast,Sour,Other,16,4.6,8
Vermont Pilsner,Lost Nation Brewing,VT,Northeast,German Lager,Lager,16,4.8,20
Jah Mon,Rivertowne Brewing Company,PA,Northeast,IPA,Strong Ale,12,5.0,100
Fist City,Revolution Brewing Company,IL,Midwest,Pale Ale,Ale,12,5.5,40
Wooden Rooster,Tallgrass Brewing Company,KS,Midwest,Belgian,Ale,16,8.5,34
4Beans,Sixpoint Craft Ales,NY,Northeast,Stout / Porter,Dark,12,10.0,52
Easy Jack,Firestone Walker Brewing Company,CA,West,IPA,Strong Ale,12,4.5,47
Take Two Pils,SweetWater Brewing Company,GA,South,German Lager,Lager,12,5.5,35
Flying Mouse 4,Flying Mouse Brewery,VA,South,IPA,Strong Ale,12,7.0,70
Moar,Bent Brewstillery,MN,Midwest,IPA,Strong Ale,12,4.4,44
Nordic Blonde,Bent Brewstillery,MN,Midwest,Pale Ale,Ale,12,5.7,27
Ginger Peach Saison,Tallgrass Brewing Company,KS,Midwest,Ale - Other,Ale,16,4.8,20
Mazzie,Pollyanna Brewing Company,IL,Midwest,Pale Ale,Ale,12,5.4,45
Weissenheimer,Destihl Brewery,IL,Midwest,German Ale,Ale,12,5.2,16
Citra Ass Down,Against The Grain Brewery,KY,South,IPA,Strong Ale,16,8.2,68
The Brown Note,Against The Grain Brewery,KY,South,Dark Ale,Dark,16,5.0,20
Neomexicanus Native,Crazy Mountain Brewing Company,CO,West,Pale Ale,Ale,12,6.0,46
Texicali,Freetail Brewing Company,TX,South,Dark Ale,Dark,12,6.5,33
Bat Outta Helles,Freetail Brewing Company,TX,South,German Lager,Lager,12,4.2,20
Rye Wit,Freetail Brewing Company,TX,South,Belgian,Ale,12,4.2,10
Soul Doubt,Freetail Brewing Company,TX,South,IPA,Strong Ale,12,5.9,70
Bimini Twist,3 Daughters Brewing,FL,South,IPA,Strong Ale,12,7.0,82
Farmer's Daughter Blonde,Red Shedman Farm Brewery and Hop...,MD,South,Pale Ale,Ale,16,5.1,17
Pump House IPA,Red Shedman Farm Brewery and Hop...,MD,South,IPA,Strong Ale,16,5.5,45
Honey Rye,Red Shedman Farm Brewery and Hop...,MD,South,Other,Other,16,5.8,18
Long Leaf,Appalachian Mountain Brewery,NC,South,IPA,Strong Ale,16,7.1,75
Honey Badger Blonde,Appalachian Mountain Brewery,NC,South,Pale Ale,Ale,16,4.7,19
Jalapeno Pale Ale,Birdsong Brewing Company,NC,South,Pale Ale,Ale,16,5.5,45
Double Duckpin,Union Craft Brewing,MD,South,IPA,Strong Ale,12,8.5,90
Old Pro,Union Craft Brewing,MD,South,Sour,Other,12,4.2,10
Abbey's Single (2015- ),Destihl Brewery,IL,Midwest,Belgian,Ale,12,4.9,22
Hop A-Peel,Atwater Brewery,MI,Midwest,IPA,Strong Ale,16,7.5,115
Wobble,Two Brothers Brewing Company,IL,Midwest,IPA,Strong Ale,16,6.3,69
Baby Daddy Session IPA,Speakasy Ales & Lagers,CA,West,IPA,Strong Ale,12,4.7,35
Saddle Bronc Brown Ale,Black Tooth Brewing Company,WY,West,Dark Ale,Dark,12,4.8,16
Bomber Mountain Amber Ale,Black Tooth Brewing Company,WY,West,Dark Ale,Dark,12,4.6,20
Totally Radler,Hopworks Urban Brewery,OR,West,Other,Other,16,2.7,21
Jammer,Sixpoint Craft Ales,NY,Northeast,Sour,Other,12,4.2,16
Pale Alement,Burn 'Em Brewing,IN,Midwest,Pale Ale,Ale,12,5.5,40
Slow Ride,New Belgium Brewing Company,CO,West,IPA,Strong Ale,12,4.5,40
Hopvale Organic Ale,Summit Brewing Company,MN,Midwest,Pale Ale,Ale,16,4.7,55
Hopkick Dropkick,Burn 'Em Brewing,IN,Midwest,IPA,Strong Ale,12,9.9,115
Union Jack,Firestone Walker Brewing Company,CA,West,IPA,Strong Ale,12,7.5,75
Chupahopra,Twisted X Brewing Company,TX,South,IPA,Strong Ale,12,7.5,63
312 Urban Pale Ale,Goose Island Brewing Company,IL,Midwest,Pale Ale,Ale,16,5.4,30
Hustle,Rhinegeist Brewery,OH,Midwest,Dark Ale,Dark,12,5.7,42
Pure Fury,Rhinegeist Brewery,OH,Midwest,Pale Ale,Ale,12,5.5,42
Self Starter,Warped Wing Brewing Company,OH,Midwest,IPA,Strong Ale,16,5.2,67
Nugget Nectar,Tröegs Brewing Company,PA,Northeast,Dark Ale,Dark,16,7.5,93
Bay of Bengal Double IPA (2014),Christian Moerlein Brewing Company,OH,Midwest,IPA,Strong Ale,12,8.9,126
Rhode Island Blueberry,Coastal Extreme Brewing Company,RI,Northeast,German Ale,Ale,12,4.6,11
Newport Storm IPA,Coastal Extreme Brewing Company,RI,Northeast,IPA,Strong Ale,12,6.5,75
Peach Pale Ale,Lone Tree Brewing Company,CO,West,Pale Ale,Ale,12,5.7,40
White Reaper,Evil Czech Brewery,IN,Midwest,IPA,Strong Ale,16,7.0,61
Suncaster Summer Wheat,Four String Brewing Company,OH,Midwest,Pale Ale,Ale,12,5.0,28
Clean Shave IPA,Glabrous Brewing Company,ME,Northeast,IPA,Strong Ale,12,6.7,70
Brass Knuckle Pale Ale,Four String Brewing Company,OH,Midwest,Pale Ale,Ale,12,5.7,36
Big Star White IPA,Four String Brewing Company,OH,Midwest,IPA,Strong Ale,12,7.0,70
Firestarter India Pale Ale,Bonfire Brewing Company,CO,West,IPA,Strong Ale,12,6.6,72
Watermelon Ale,Thomas Hooker Brewing Company,CT,Northeast,Sour,Other,12,5.1,11
4000 Footer IPA,"Woodstock Inn, Station & Brewery",NH,Northeast,IPA,Strong Ale,12,6.5,82
Unchained #18 Hop Silo,Summit Brewing Company,MN,Midwest,IPA,Strong Ale,16,8.3,100
Consilium,Renegade Brewing Company,CO,West,Pale Ale,Ale,12,5.0,40
Cali Creamin',Mother Earth Brew Company,CA,West,Pale Ale,Ale,12,5.2,21
Deception,Black Market Brewing Company,CA,West,Pale Ale,Ale,12,4.5,16
Harness the Winter,Bent Paddle Brewing Company,MN,Midwest,IPA,Strong Ale,12,7.2,87
Rule G IPA,Smartmouth Brewing Company,VA,South,IPA,Strong Ale,12,7.0,88
Murphy's Law,Smartmouth Brewing Company,VA,South,Dark Ale,Dark,12,5.8,35
Alter Ego,Smartmouth Brewing Company,VA,South,Ale - Other,Ale,12,6.2,33
Hop in the ‘Pool Helles,Base Camp Brewing Co.,OR,West,Pale Ale,Ale,12,4.9,22
P-Town Pilsner,Alameda Brewing,OR,West,Pale Ale,Ale,12,4.0,20
Klickitat Pale Ale,Alameda Brewing,OR,West,Pale Ale,Ale,12,5.3,36
Yellow Wolf Imperial IPA,Alameda Brewing,OR,West,IPA,Strong Ale,12,8.2,103
Nonstop Hef Hop,Hopworks Urban Brewery,OR,West,Pale Ale,Ale,16,3.9,20
Rise Up Red,Hopworks Urban Brewery,OR,West,Dark Ale,Dark,16,5.8,60
Pine Belt Pale Ale,Southern Star Brewing Company,TX,South,Pale Ale,Ale,12,6.5,45
Third Eye Enlightened Pale Ale,Steamworks Brewing Company,CO,West,Pale Ale,Ale,12,6.5,65
Laka Laka Pineapple,Horny Goat Brew Pub,WI,Midwest,German Ale,Ale,12,5.1,17
IPA #11,Cheboygan Brewing Company,MI,Midwest,IPA,Strong Ale,16,5.7,58
Blood Orange Honey,Cheboygan Brewing Company,MI,Midwest,Sour,Other,16,5.7,10
Main St. Virginia Ale,Center of the Universe Brewing C...,VA,South,German Ale,Ale,12,5.0,40
Mr. Blue Sky,Griffin Claw Brewing Company,MI,Midwest,Pale Ale,Ale,16,4.5,6
Weisse Versa (2012),Karbach Brewing Company,TX,South,German Ale,Ale,12,5.2,16
The Green Room,Uncle Billy's Brewery and Smokeh...,TX,South,IPA,Strong Ale,16,6.0,75
18th Anniversary Gose,Real Ale Brewing Company,TX,South,Sour,Other,12,4.4,5
Humbucker Helles,Uncle Billy's Brewery and Smokeh...,TX,South,German Lager,Lager,16,4.7,25
Point Special (Current),Stevens Point Brewery,WI,Midwest,Lager,Lager,12,4.7,9
Point Special,Stevens Point Brewery,WI,Midwest,Lager,Lager,12,4.7,9
2014 IPA Cicada Series,Southern Prohibition Brewing Com...,MS,Midwest,IPA,Strong Ale,16,7.5,72
Morning Wood Wheat (Current),Pug Ryan's Brewery,CO,West,Pale Ale,Ale,12,5.9,14
Old Soul,Crazy Mountain Brewing Company,CO,West,Belgian,Ale,12,7.5,25
Extra Pale Ale,Summit Brewing Company,MN,Midwest,Pale Ale,Ale,12,5.3,49
Oklahoma Suks,Independence Brewing Company,TX,South,Dark Ale,Dark,12,4.8,32
Cubano Espresso,Cigar City Brewing Company,FL,South,German Lager,Lager,12,5.5,25
Hunny Do Wheat,Third Street Brewhouse,MN,Midwest,Pale Ale,Ale,12,4.8,18
Sinister Minister Black IPA,Southern Prohibition Brewing Com...,MS,Midwest,IPA,Strong Ale,16,7.7,65
Gansett Light,Narragansett Brewing Company,RI,Northeast,Lager,Lager,16,3.7,10
Little Red Cap,Grimm Brothers Brewhouse,CO,West,German Ale,Ale,12,6.3,43
Perpetual Darkness,Odyssey Beerwerks,CO,West,Belgian,Ale,12,9.2,72
Clan Warrior,Odyssey Beerwerks,CO,West,Strong Ale,Strong Ale,12,8.7,29
Watershed IPA,Oakshire Brewing,OR,West,IPA,Strong Ale,12,6.7,70
Peacemaker Pale Ale,Lonerider Brewing Company,NC,South,Pale Ale,Ale,12,5.7,47
Shotgun Betty,Lonerider Brewing Company,NC,South,German Ale,Ale,12,5.8,11
Sweet Josie,Lonerider Brewing Company,NC,South,Dark Ale,Dark,12,6.1,30
Ultra Gnar Gnar IPA,Base Camp Brewing Co.,OR,West,IPA,Strong Ale,12,6.7,60
Knotty Blonde Ale,Three Creeks Brewing,OR,West,Pale Ale,Ale,12,4.0,18
Hoodoo Voodoo IPA,Three Creeks Brewing,OR,West,IPA,Strong Ale,12,6.2,82
Hopportunity Knocks IPA,Caldera Brewing Company,OR,West,IPA,Strong Ale,12,6.8,100
Wild Trail Pale Ale,Greenbrier Valley Brewing Company,WV,South,Pale Ale,Ale,12,5.7,44
Mothman Black IPA,Greenbrier Valley Brewing Company,WV,South,Dark Ale,Dark,12,6.7,71
Camelback,Phoenix Ale Brewery,AZ,West,IPA,Strong Ale,12,6.1,60
PUNK'N,Uinta Brewing Company,UT,West,Ale - Other,Ale,12,5.0,10
Sunbru Kölsch,Four Peaks Brewing Company,AZ,West,German Ale,Ale,12,5.2,17
River House,Martin House Brewing Company,TX,South,Ale - Other,Ale,16,5.0,20
Summer Brew,"Woodstock Inn, Station & Brewery",NH,Northeast,Pale Ale,Ale,12,2.8,15
Homefront IPA,Sly Fox Brewing Company,PA,Northeast,IPA,Strong Ale,12,6.0,70
Sundown,Round Guys Brewing,PA,Northeast,Ale - Other,Ale,12,7.1,36
Beer Agent Re-Ignition,Great Crescent Brewery,IN,Midwest,Pale Ale,Ale,16,5.3,22
Pinner Throwback IPA,Oskar Blues Brewery,CO,West,IPA,Strong Ale,12,4.9,35
Power & Light,Independence Brewing Company,TX,South,Pale Ale,Ale,12,5.5,42
Devil's Harvest Extra Pale Ale,Southern Prohibition Brewing Com...,MS,Midwest,Pale Ale,Ale,12,5.8,60
Suzy B Dirty Blonde Ale,Southern Prohibition Brewing Com...,MS,Midwest,Pale Ale,Ale,12,5.0,20
The Golden One,High Hops Brewery,CO,West,Pale Ale,Ale,12,6.3,21
The Power of Zeus,High Hops Brewery,CO,West,Pale Ale,Ale,12,7.0,68
Aviator Raspberry Blonde,Crooked Fence Brewing Company,ID,West,Pale Ale,Ale,12,4.9,25
Little Sister India Style Session Ale,Everybody's Brewing,WA,West,IPA,Strong Ale,12,4.3,60
Hinchtown Hammer Down,Flat 12 Bierwerks,IN,Midwest,Pale Ale,Ale,16,5.0,27
Point Cascade Pale Ale (2013),Stevens Point Brewery,WI,Midwest,Pale Ale,Ale,12,5.4,33
Pretzel Stout,Martin House Brewing Company,TX,South,Stout / Porter,Dark,16,6.5,47
Rad,Sixpoint Craft Ales,NY,Northeast,Sour,Other,16,3.2,7
Santa's Secret,Carolina Brewery,NC,South,Dark Ale,Dark,16,5.9,22
Salamander Slam,Frog Level Brewing Company,NC,South,IPA,Strong Ale,16,7.0,73
Blonde Hunny,Wild Wolf Brewing Company,VA,South,Pale Ale,Ale,12,6.8,21
Oak Cliff Coffee Ale,Deep Ellum Brewing Company,TX,South,Dark Ale,Dark,12,7.5,33
Seventh Son of a Seventh Son,Seventh Son Brewing Company,OH,Midwest,Strong Ale,Strong Ale,16,7.7,40
Lake Monster,Oasis Texas Brewing Company,TX,South,Stout / Porter,Dark,16,8.2,25
Night Cat,Two Brothers Brewing Company,IL,Midwest,Dark Ale,Dark,12,5.8,43
Torpedo,Sierra Nevada Brewing Company,CA,West,IPA,Strong Ale,12,7.2,65
Lobo Lito,Pedernales Brewing Company,TX,South,Lager,Lager,12,4.0,12
Day Hike Session,Two Beers Brewing Company,WA,West,IPA,Strong Ale,12,4.1,41
American Lager,Straub Brewery,PA,Northeast,Lager,Lager,12,4.1,8
American Amber,Straub Brewery,PA,Northeast,Lager,Lager,12,4.1,8
American Light,Straub Brewery,PA,Northeast,Lager,Lager,12,3.2,13
Ranger IPA,New Belgium Brewing Company,CO,West,IPA,Strong Ale,12,6.5,70
Pride of Texas Pale Ale,Rahr & Sons Brewing Company,TX,South,Pale Ale,Ale,12,5.8,60
Point Special,Stevens Point Brewery,WI,Midwest,Lager,Lager,12,4.7,9
Dark Voyage Black IPA (2013),Capital Brewery,WI,Midwest,Dark Ale,Dark,12,6.5,80
Wisconsin Amber,Capital Brewery,WI,Midwest,Lager,Lager,12,5.2,28
Lake House,Capital Brewery,WI,Midwest,German Lager,Lager,12,4.6,18
Bohemian Pils,Narragansett Brewing Company,RI,Northeast,Pale Ale,Ale,16,5.2,30
Ermal's,Warped Wing Brewing Company,OH,Midwest,Pale Ale,Ale,16,5.4,20
Scarecrow,450 North Brewing Company,IN,Midwest,IPA,Strong Ale,16,6.9,65
Ironman,450 North Brewing Company,IN,Midwest,Strong Ale,Strong Ale,16,9.0,50
Honey Kolsch,450 North Brewing Company,IN,Midwest,German Ale,Ale,16,4.6,15
Copperhead Amber,450 North Brewing Company,IN,Midwest,Belgian,Ale,16,5.2,18
Horny Toad Cerveza,COOP Ale Works,OK,South,Pale Ale,Ale,16,5.3,25
Native Amber,COOP Ale Works,OK,South,Dark Ale,Dark,16,6.3,35
Twisted X,Twisted X Brewing Company,TX,South,Lager,Lager,12,5.1,19
White (2015),Real Ale Brewing Company,TX,South,Belgian,Ale,12,4.6,25
Sol Drifter,Madtree Brewing Company,OH,Midwest,Pale Ale,Ale,12,4.3,18
Mountain Rescue Pale Ale,Goodlife Brewing Co.,OR,West,Pale Ale,Ale,12,5.5,40
Sunshine Pils,Tröegs Brewing Company,PA,Northeast,Pale Ale,Ale,12,4.5,45
312 Urban Pale Ale,Goose Island Brewing Company,IL,Midwest,Pale Ale,Ale,12,5.4,30
312 Urban Wheat Ale,Goose Island Brewing Company,IL,Midwest,Pale Ale,Ale,16,4.2,18
Survival Stout,Hopworks Urban Brewery,OR,West,Stout / Porter,Dark,16,5.8,35
Hopworks IPA,Hopworks Urban Brewery,OR,West,IPA,Strong Ale,16,6.6,75
Goose Island India Pale Ale,Goose Island Brewery Company,IL,Midwest,IPA,Strong Ale,12,5.9,55
Rubberneck Red,Martin House Brewing Company,TX,South,Dark Ale,Dark,16,5.0,35
Couch Select Lager,Burnside Brewing Co.,OR,West,Lager,Lager,12,5.0,14
Double D Blonde,Hop Valley Brewing Company,OR,West,Pale Ale,Ale,12,4.9,20
Worthy IPA,Worthy Brewing Company,OR,West,IPA,Strong Ale,12,6.9,69
Abominable Winter Ale,Hopworks Urban Brewery,OR,West,Strong Ale,Strong Ale,16,7.3,70
Loki Red Ale,Fearless Brewing Company,OR,West,Dark Ale,Dark,16,7.5,53
Campside Session IPA,Upland Brewing Company,IN,Midwest,IPA,Strong Ale,16,4.5,50
In-Tents India Pale Lager,Base Camp Brewing Co.,OR,West,Lager,Lager,12,6.8,62
Lost Meridian Wit,Base Camp Brewing Co.,OR,West,Belgian,Ale,12,5.0,20
Celestial Meridian Cascadian Dark Lager,Base Camp Brewing Co.,OR,West,Lager,Lager,12,5.1,45
Tsunami IPA,Mehana Brewing Co.,HI,West,IPA,Strong Ale,12,7.2,75
Humpback Blonde Ale,Mehana Brewing Co.,HI,West,Pale Ale,Ale,12,4.2,22
Volcano Red Ale,Mehana Brewing Co.,HI,West,Dark Ale,Dark,12,5.2,23
Mauna Kea Pale Ale,Mehana Brewing Co.,HI,West,Pale Ale,Ale,12,5.4,42
Mound Builder IPA,People's Brewing Company,IN,Midwest,IPA,Strong Ale,12,6.5,77
Amazon Princess IPA,People's Brewing Company,IN,Midwest,IPA,Strong Ale,12,6.2,62
Evil Owl,Branchline Brewing Company,TX,South,Dark Ale,Dark,12,5.2,40
Dream Crusher Double IPA,Deep Ellum Brewing Company,TX,South,IPA,Strong Ale,12,8.5,100
Lewbricator Wheat Dopplebock,Kalona Brewing Company,IA,Midwest,German Lager,Lager,12,7.5,24
Joey Wheat,Burn 'Em Brewing,IN,Midwest,Pale Ale,Ale,16,6.8,16
City of the Sun,Modern Times Beer,CA,West,IPA,Strong Ale,16,7.5,85
3:33 Black IPA,Burn 'Em Brewing,IN,Midwest,IPA,Strong Ale,16,7.2,86
Booming Rollers,Modern Times Beer,CA,West,IPA,Strong Ale,16,6.8,75
Oneida,Modern Times Beer,CA,West,Pale Ale,Ale,16,5.2,50
Aurora,Modern Times Beer,CA,West,Dark Ale,Dark,16,6.7,75
North Third Stout,Blackrocks Brewery,MI,Midwest,Stout / Porter,Dark,12,6.0,30
Onyx Black Ale,Stevens Point Brewery,WI,Midwest,Dark Ale,Dark,12,5.2,9
Beyond The Pale IPA,Stevens Point Brewery,WI,Midwest,IPA,Strong Ale,12,6.3,64
#002 American I.P.A.,Wisconsin Brewing Company,WI,Midwest,IPA,Strong Ale,12,7.1,60
#004 Session I.P.A.,Wisconsin Brewing Company,WI,Midwest,IPA,Strong Ale,12,4.8,38
Robert Earl Keen Honey Pils,Pedernales Brewing Company,TX,South,Pale Ale,Ale,12,5.0,17
Screamin’ Pumpkin,Griffin Claw Brewing Company,MI,Midwest,Ale - Other,Ale,16,5.0,25
El Rojo,Griffin Claw Brewing Company,MI,Midwest,Dark Ale,Dark,16,6.5,25
Grind Line,Griffin Claw Brewing Company,MI,Midwest,Pale Ale,Ale,16,5.0,35
Dad,Rhinegeist Brewery,OH,Midwest,Dark Ale,Dark,12,6.0,60
Monarch Classic American Wheat,Grapevine Craft Brewery,TX,South,Pale Ale,Ale,12,4.3,21
Sir William's English Brown Ale,Grapevine Craft Brewery,TX,South,Dark Ale,Dark,12,4.9,21
Lakefire Rye Pale Ale,Grapevine Craft Brewery,TX,South,Pale Ale,Ale,12,5.5,35
1836,Buffalo Bayou Brewing Company,TX,South,Pale Ale,Ale,12,6.0,40
Summer's Wit,Buffalo Bayou Brewing Company,TX,South,Belgian,Ale,12,6.0,20
More Cowbell,Buffalo Bayou Brewing Company,TX,South,IPA,Strong Ale,16,9.0,118
Point Special (2013),Stevens Point Brewery,WI,Midwest,Lager,Lager,12,4.7,9
Point Special (2012),Stevens Point Brewery,WI,Midwest,Lager,Lager,12,4.7,9
First Stand,Texian Brewing Co.,TX,South,Ale - Other,Ale,12,5.5,35
Battle LIne,Texian Brewing Co.,TX,South,Dark Ale,Dark,12,6.3,23
Broken Bridge,Texian Brewing Co.,TX,South,German Ale,Ale,12,5.6,12
Brutus,Texian Brewing Co.,TX,South,IPA,Strong Ale,12,7.1,69
Point Special Lager,Stevens Point Brewery,WI,Midwest,Lager,Lager,16,4.7,9
What the Butler Saw,Forgotten Boardwalk,NJ,Northeast,Belgian,Ale,12,5.0,18
1916 Shore Shiver,Forgotten Boardwalk,NJ,Northeast,IPA,Strong Ale,12,6.9,65
Laughing Dog Cream Ale,Laughing Dog Brewing Company,ID,West,Pale Ale,Ale,12,5.0,12
Even Keel,Ballast Point Brewing Company,CA,West,IPA,Strong Ale,12,3.8,40
Aprè Shred,Big Choice Brewing,CO,West,Strong Ale,Strong Ale,16,8.1,17
Yard Sale Winter Lager,Uinta Brewing Company,UT,West,Lager,Lager,12,4.0,22
Arcus IPA,Big Storm Brewing Company,FL,South,IPA,Strong Ale,12,6.9,81
Wavemaker,Big Storm Brewing Company,FL,South,Dark Ale,Dark,12,5.8,38
Epitome,Carton Brewing Company,NJ,Northeast,Dark Ale,Dark,16,9.9,100
Pleasure Town,Midnight Sun Brewing Company,AK,West,IPA,Strong Ale,12,6.3,61
Trail Head,Fat Head's Brewery,OH,Midwest,Pale Ale,Ale,12,6.3,55
Hop Stalker Fresh Hop IPA,Fat Head's Brewery,OH,Midwest,IPA,Strong Ale,16,7.0,80
Blood Orange Wit,Refuge Brewery,CA,West,Belgian,Ale,16,5.0,16
Hop Up Offa That Brett (2014),Sun King Brewing Company,IN,Midwest,Pale Ale,Ale,16,5.8,20
PV Muckle (2013),Sun King Brewing Company,IN,Midwest,Strong Ale,Strong Ale,16,8.3,23
Bourbon Barrel Batch 666: Sympathy for the Devil,Sun King Brewing Company,IN,Midwest,Belgian,Ale,16,9.9,36
Whip Fight,Sun King Brewing Company,IN,Midwest,Strong Ale,Strong Ale,16,9.0,30
Port Barrel Wee Mac,Sun King Brewing Company,IN,Midwest,Strong Ale,Strong Ale,16,5.3,23
8 Barrel,Chatham Brewing,NY,Northeast,Strong Ale,Strong Ale,16,8.0,69
Oktoberfest,Chatham Brewing,NY,Northeast,German Lager,Lager,16,5.5,40
No Wake IPA,Geneva Lake Brewing Company,WI,Midwest,IPA,Strong Ale,12,7.2,50
Boathouse Blonde,Geneva Lake Brewing Company,WI,Midwest,Pale Ale,Ale,12,4.9,15
Cedar Point,Geneva Lake Brewing Company,WI,Midwest,Dark Ale,Dark,12,5.0,26
Winter Warmer (Vault Series),SanTan Brewing Company,AZ,West,Dark Ale,Dark,16,9.5,25
London Homesick Ale,Oasis Texas Brewing Company,TX,South,Sour,Other,12,4.9,27
Luchesa Lager,Oasis Texas Brewing Company,TX,South,German Lager,Lager,12,4.8,35
Slow Ride,Oasis Texas Brewing Company,TX,South,Pale Ale,Ale,12,4.8,35
Count Hopula (Vault Series),SanTan Brewing Company,AZ,West,IPA,Strong Ale,16,9.1,99
Weize Guy,Joseph James Brewing Company,NV,West,German Ale,Ale,12,5.0,15
Black Me Stout,Champion Brewing Company,VA,South,Stout / Porter,Dark,12,6.0,45
Killer Kolsch,Champion Brewing Company,VA,South,German Ale,Ale,12,5.0,22
Pale Alement,Burn 'Em Brewing,IN,Midwest,Pale Ale,Ale,16,5.5,40
Dankosaurus,Cedar Creek Brewery,TX,South,IPA,Strong Ale,16,6.8,70
Bravo Four Point,Devil's Backbone Brewing Company,VA,South,Pale Ale,Ale,12,4.4,45
Cream Ale,Newburgh Brewing Company,NY,Northeast,Pale Ale,Ale,12,4.2,35
Might As Well IPL,Golden Road Brewing,CA,West,Lager,Lager,16,7.2,75
Captain's Daughter,Grey Sail Brewing Company,RI,Northeast,IPA,Strong Ale,12,8.5,69
Skylight,New Republic Brewing Company,TX,South,German Ale,Ale,12,5.6,20
Kadigan,New Republic Brewing Company,TX,South,Pale Ale,Ale,12,5.6,30
Dammit Jim!,New Republic Brewing Company,TX,South,Dark Ale,Dark,12,5.2,50
Infamous IPA,Infamous Brewing Company,TX,South,IPA,Strong Ale,12,7.0,75
Getaway,Lift Bridge Brewing Company,MN,Midwest,German Lager,Lager,16,5.2,30
Pub Ale,Lucky Town Brewing Company,MS,Midwest,Dark Ale,Dark,12,3.8,18
Ballistic Blonde,Lucky Town Brewing Company,MS,Midwest,Pale Ale,Ale,12,5.1,31
Golden Fleece,Quest Brewing Company,SC,South,Pale Ale,Ale,12,4.5,35
Tropicalia,Creature Comforts,GA,South,IPA,Strong Ale,12,6.5,65
Pursuit,Half Full Brewery,CT,Northeast,IPA,Strong Ale,12,7.0,40
Vertex IPA,Destihl Brewery,IL,Midwest,IPA,Strong Ale,12,6.3,76
Here Gose Nothin',Destihl Brewery,IL,Midwest,Sour,Other,12,5.0,12
Ale Cider,Chapman's Brewing,IN,Midwest,Sour,Other,16,6.5,8
Pail Ale,Chapman's Brewing,IN,Midwest,Pale Ale,Ale,16,5.5,30
Operation Homefront,Cigar City Brewing Company,FL,South,IPA,Strong Ale,12,6.2,65
Wandering Pelican,Cigar City Brewing Company,FL,South,Dark Ale,Dark,12,8.2,65
Norm's Gateway IPA,Griffin Claw Brewing Company,MI,Midwest,IPA,Strong Ale,12,4.0,55
Barrio Blanco,Barrio Brewing Company,AZ,West,IPA,Strong Ale,12,6.0,60
Giant DIPA,Santa Cruz Mountain Brewing,CA,West,IPA,Strong Ale,16,8.9,88
Fistful Of Hops Red,Sun King Brewing Company,IN,Midwest,IPA,Strong Ale,16,6.4,75
Fistful of Hops Orange,Sun King Brewing Company,IN,Midwest,IPA,Strong Ale,16,6.3,75
Fistful Of Hops Blue,Sun King Brewing Company,IN,Midwest,IPA,Strong Ale,16,6.4,75
Fistful of Hops Green,Sun King Brewing Company,IN,Midwest,IPA,Strong Ale,16,6.4,75
The Great Pumpcan,Madtree Brewing Company,OH,Midwest,Sour,Other,16,7.9,18
Franz,Rhinegeist Brewery,OH,Midwest,German Lager,Lager,12,5.2,21
Cherry Ale,Great Crescent Brewery,IN,Midwest,Sour,Other,16,5.7,18
Shift,New Belgium Brewing Company,CO,West,Lager,Lager,12,5.0,29
Bitter Bitch,18th Street Brewery,IN,Midwest,Pale Ale,Ale,12,6.1,60
1554 Black Lager,New Belgium Brewing Company,CO,West,Lager,Lager,12,5.6,21
LuckenBock,South Austin Brewery,TX,South,German Lager,Lager,16,7.0,18
Texas Pale Ale (TPA),South Austin Brewery,TX,South,IPA,Strong Ale,16,5.5,40
Kol' Beer,South Austin Brewery,TX,South,German Ale,Ale,16,5.0,22
FMB 101,Figueroa Mountain Brewing Company,CA,West,German Ale,Ale,12,4.8,20
Wagon Party,Bauhaus Brew Labs,MN,Midwest,Lager,Lager,12,5.4,55
Sky-Five,Bauhaus Brew Labs,MN,Midwest,IPA,Strong Ale,12,6.7,70
Stargrazer,Bauhaus Brew Labs,MN,Midwest,German Lager,Lager,12,5.0,28
Wonderstuff,Bauhaus Brew Labs,MN,Midwest,German Lager,Lager,12,5.4,48
Sensi Harvest,Sixpoint Craft Ales,NY,Northeast,Pale Ale,Ale,12,4.7,50
Ozark American Pale Ale,Ozark Beer Company,AR,South,Pale Ale,Ale,12,4.0,39
Saison Pamplemousse,Golden Road Brewing,CA,West,Ale - Other,Ale,12,5.8,35
Ghost Ship White IPA,Capital Brewery,WI,Midwest,IPA,Strong Ale,12,5.6,55
Upland Wheat Ale,Upland Brewing Company,IN,Midwest,Belgian,Ale,16,4.5,15
Overgrown American Pale Ale,Otter Creek Brewing,VT,Northeast,Pale Ale,Ale,12,5.5,55
077XX,Carton Brewing Company,NJ,Northeast,IPA,Strong Ale,16,7.8,80
Almanac IPA,Tractor Brewing Company,NM,West,IPA,Strong Ale,12,6.2,72
Farmer's Tan Red Ale,Tractor Brewing Company,NM,West,Dark Ale,Dark,12,6.0,30
Zen,Rhinegeist Brewery,OH,Midwest,Pale Ale,Ale,12,4.3,45
SunSpot Golden Ale,SanTan Brewing Company,AZ,West,Pale Ale,Ale,12,5.0,15
Missile IPA,Champion Brewing Company,VA,South,IPA,Strong Ale,12,7.0,65
Thai Style White IPA,Upslope Brewing Company,CO,West,IPA,Strong Ale,12,6.5,33
Summer Session Ale,Peak Organic Brewing Company,ME,Northeast,Pale Ale,Ale,12,5.0,61
Second Fiddle,Fiddlehead Brewing Company,VT,Northeast,IPA,Strong Ale,16,8.2,80
Long Trail IPA,Long Trail Brewing Company,VT,Northeast,IPA,Strong Ale,12,5.9,42
Trader Session IPA,Uinta Brewing Company,UT,West,IPA,Strong Ale,12,4.0,42
Long Trail Ale,Long Trail Brewing Company,VT,Northeast,Dark Ale,Dark,12,4.6,30
Commotion APA,Great Raft Brewing Company,LA,South,Pale Ale,Ale,12,5.2,49
Freeride APA,Alaskan Brewing Company,AK,West,Pale Ale,Ale,12,5.3,40
Alaskan Amber,Alaskan Brewing Company,AK,West,German Ale,Ale,12,5.3,18
40 Mile IPA,Three Notch'd Brewing Company,VA,South,IPA,Strong Ale,12,6.0,50
Lake House,Capital Brewery,WI,Midwest,German Lager,Lager,16,4.6,18
Fresh Slice White IPA,Otter Creek Brewing,VT,Northeast,IPA,Strong Ale,12,5.5,45
Montauk Summer Ale,Montauk Brewing Company,NY,Northeast,Pale Ale,Ale,12,5.6,28
Sierra Nevada Pale Ale,Sierra Nevada Brewing Company,CA,West,Pale Ale,Ale,16,5.6,37
White Rabbit,Independence Brewing Company,TX,South,Belgian,Ale,12,5.9,27
Let It Ride IPA,Indeed Brewing Company,MN,Midwest,IPA,Strong Ale,12,6.8,90
Bent Hop Golden IPA,Bent Paddle Brewing Company,MN,Midwest,IPA,Strong Ale,12,6.2,68
Blackmarket Rye IPA,Black Market Brewing Company,CA,West,IPA,Strong Ale,12,7.5,35
Black Market Hefeweizen,Black Market Brewing Company,CA,West,German Ale,Ale,12,5.0,8
Aftermath Pale Ale,Black Market Brewing Company,CA,West,Pale Ale,Ale,12,5.8,44
Groupe G,Headlands Brewing Company,CA,West,IPA,Strong Ale,16,7.6,65
Pt. Bonita Rustic Lager,Headlands Brewing Company,CA,West,Lager,Lager,16,6.2,40
Hill 88 Double IPA,Headlands Brewing Company,CA,West,IPA,Strong Ale,16,8.8,77
Longhop IPA,Bolero Snort Brewery,NJ,Northeast,IPA,Strong Ale,16,4.2,30
Lucky Buck,Bolero Snort Brewery,NJ,Northeast,Stout / Porter,Dark,16,4.0,34
Hoperation Overload,Destihl Brewery,IL,Midwest,IPA,Strong Ale,12,9.6,85
Abbey's Single Ale (Current),Destihl Brewery,IL,Midwest,Belgian,Ale,12,4.9,22
Thrasher Session India Pale Ale,Defiance Brewing Company,KS,Midwest,IPA,Strong Ale,12,4.5,44
Gutch English Style Mild Ale,Defiance Brewing Company,KS,Midwest,Pale Ale,Ale,12,5.0,16
Hop Freak,Milwaukee Brewing Company,WI,Midwest,IPA,Strong Ale,16,8.7,80
Whitecap Wit,Catawba Island Brewing,OH,Midwest,Belgian,Ale,16,4.8,16
Seiche Scottish Ale,Catawba Island Brewing,OH,Midwest,Strong Ale,Strong Ale,16,7.8,16
Naked Pig Pale Ale,Back Forty Beer Company,AL,South,Pale Ale,Ale,12,6.0,43
El Chingon IPA,Four Corners Brewing Company,TX,South,IPA,Strong Ale,12,7.6,73
Local Buzz,Four Corners Brewing Company,TX,South,Pale Ale,Ale,12,5.2,20
Saint Archer White Ale,Saint Archer Brewery,CA,West,Belgian,Ale,12,5.0,15
Saint Archer IPA,Saint Archer Brewery,CA,West,IPA,Strong Ale,12,6.8,66
Saint Archer Pale Ale,Saint Archer Brewery,CA,West,Pale Ale,Ale,12,5.2,40
Saint Archer Blonde,Saint Archer Brewery,CA,West,German Ale,Ale,12,4.8,22
BLAKKR,Real Ale Brewing Company,TX,South,Dark Ale,Dark,12,9.9,85
Supergoose IPA,Hale's Ales,WA,West,IPA,Strong Ale,12,6.9,67
IPA & a Half,Tommyknocker Brewery,CO,West,IPA,Strong Ale,12,7.3,87
Truth,Rhinegeist Brewery,OH,Midwest,IPA,Strong Ale,12,7.2,75
Cougar,Rhinegeist Brewery,OH,Midwest,Pale Ale,Ale,12,4.8,25
American India Red Ale,Black Shirt Brewing Company,CO,West,Strong Ale,Strong Ale,12,7.1,83
American Red Saison,Black Shirt Brewing Company,CO,West,Ale - Other,Ale,12,7.8,34
Colorado Red Ale,Black Shirt Brewing Company,CO,West,Dark Ale,Dark,12,6.6,44
Original Slacker Ale,Round Guys Brewing,PA,Northeast,Dark Ale,Dark,12,5.6,40
Chin Music Amber Lager,Center of the Universe Brewing C...,VA,South,Lager,Lager,12,4.5,24
Hefe Lemon,Widmer Brothers Brewing Company,OR,West,Other,Other,12,4.9,30
Hefe Black,Widmer Brothers Brewing Company,OR,West,German Ale,Ale,12,4.9,30
Widmer Brothers Hefeweizen,Widmer Brothers Brewing Company,OR,West,German Ale,Ale,12,4.9,30
Provision,Hop Farm Brewing Company,PA,Northeast,Ale - Other,Ale,12,4.2,25
One Nut Brown,Hop Farm Brewing Company,PA,Northeast,Dark Ale,Dark,12,4.7,28
Hop Farm IPA,Hop Farm Brewing Company,PA,Northeast,IPA,Strong Ale,12,5.8,45
Adam's Stout,Liquid Hero Brewery,PA,Northeast,Stout / Porter,Dark,12,5.8,40
Our Legacy IPA,Matt Brewing Company,NY,Northeast,IPA,Strong Ale,12,6.5,60
312 Urban Wheat Ale,Goose Island Brewing Company,IL,Midwest,Pale Ale,Ale,12,4.2,18
Squatters Hop Rising Double IPA,Utah Brewers Cooperative,UT,West,IPA,Strong Ale,12,9.0,75
LIFT,Madtree Brewing Company,OH,Midwest,German Ale,Ale,12,4.7,11
SPRYE,Madtree Brewing Company,OH,Midwest,Pale Ale,Ale,12,5.0,40
Pleasure Town IPA,Midnight Sun Brewing Company,AK,West,IPA,Strong Ale,12,6.3,61
#9,Magic Hat Brewing Company,VT,Northeast,Sour,Other,16,5.1,20
The Tradition,DC Brau Brewing Company,DC,South,Pale Ale,Ale,12,5.0,15
Hoptopus Double IPA,Beach Brewing Company,VA,South,IPA,Strong Ale,16,8.8,108
Rodeo Rye Pale Ale,Payette Brewing Company,ID,West,Pale Ale,Ale,12,4.2,35
Last Stop IPA,Brew Bus Brewing,FL,South,IPA,Strong Ale,12,7.2,60
Are Wheat There Yet?,Brew Bus Brewing,FL,South,Pale Ale,Ale,12,5.5,28
Filthy Hoppin' IPA,Dirty Bucket Brewing Company,WA,West,IPA,Strong Ale,16,6.5,72
Thunder Ann,Jackalope Brewing Company,TN,South,Pale Ale,Ale,12,5.5,37
Iron Butt Red Ale,Slanted Rock Brewing Company,ID,West,Dark Ale,Dark,12,5.8,39
On the Count of 3 (2015),Baxter Brewing Company,ME,Northeast,German Ale,Ale,16,7.0,42
2020 IPA,Golden Road Brewing,CA,West,IPA,Strong Ale,16,7.4,74
Autocrat Coffee Milk Stout,Narragansett Brewing Company,RI,Northeast,Stout / Porter,Dark,16,5.3,30
Hijack,Infamous Brewing Company,TX,South,Pale Ale,Ale,12,5.5,20
Jacaranada Rye IPA,Claremont Craft Ales,CA,West,IPA,Strong Ale,16,6.7,60
Lil SIPA,Rivertown Brewing Company,OH,Midwest,IPA,Strong Ale,16,5.0,55
Voodoo Love Child,Voodoo Brewery,PA,Northeast,Belgian,Ale,12,9.2,25
White Magick of the Sun,Voodoo Brewery,PA,Northeast,Belgian,Ale,12,7.9,23
Stone Fort Brown Ale,Seventh Son Brewing Company,OH,Midwest,Dark Ale,Dark,16,5.3,20
Seventh Son Hopped Red Ale,Seventh Son Brewing Company,OH,Midwest,Dark Ale,Dark,16,7.7,40
Humulus Nimbus Super Pale Ale,Seventh Son Brewing Company,OH,Midwest,Pale Ale,Ale,16,6.0,53
Golden Ratio IPA,Seventh Son Brewing Company,OH,Midwest,IPA,Strong Ale,16,7.0,68
Hemlock Double IPA,Big Choice Brewing,CO,West,IPA,Strong Ale,12,9.5,104
GreyBeard™ IPA,Pisgah Brewing Company,NC,South,IPA,Strong Ale,12,6.9,51
Pisgah Pale Ale,Pisgah Brewing Company,NC,South,Pale Ale,Ale,12,5.7,31
Juke Joint IPA,Tin Roof Brewing Company,LA,South,IPA,Strong Ale,12,7.0,60
Just IPA,The Just Beer Project,VT,Northeast,IPA,Strong Ale,12,4.6,45
Bronx Summer Pale Ale,The Bronx Brewery,NY,Northeast,Pale Ale,Ale,16,5.2,16
Bronx Black Pale Ale,The Bronx Brewery,NY,Northeast,Dark Ale,Dark,16,5.7,46
Dead Armadillo Amber Ale,Dead Armadillo Craft Brewing,OK,South,Dark Ale,Dark,12,6.3,37
Mississippi Fire Ant,Southern Prohibition Brewing Com...,MS,Midwest,Dark Ale,Dark,16,8.0,80
A Slice of Hefen,La Cumbre Brewing Company,NM,West,German Ale,Ale,16,5.4,15
Le Mort Vivant,Southern Star Brewing Company,TX,South,Ale - Other,Ale,12,6.9,23
BLAKKR,Surly Brewing Company,MN,Midwest,Dark Ale,Dark,16,9.9,85
805,Firestone Walker Brewing Company,CA,West,Pale Ale,Ale,12,4.7,20
Wynona's Big Brown Ale,Voodoo Brewery,PA,Northeast,Dark Ale,Dark,12,7.5,31
Gran Met,Voodoo Brewery,PA,Northeast,Belgian,Ale,12,9.2,25
Red Cockaded Ale,Southern Star Brewing Company,TX,South,IPA,Strong Ale,12,8.5,110
Kilt Dropper Scotch Ale,Bonfire Brewing Company,CO,West,Strong Ale,Strong Ale,16,7.5,22
Hopped on the High Seas (Hop #529),Cigar City Brewing Company,FL,South,IPA,Strong Ale,12,7.0,60
Hopped on the High Seas (Calypso),Cigar City Brewing Company,FL,South,IPA,Strong Ale,12,7.0,60
Hop Nosh IPA,Uinta Brewing Company,UT,West,IPA,Strong Ale,12,7.3,83
Iron Horse Pale Ale,Fargo Brewing Company,ND,Midwest,Pale Ale,Ale,12,5.0,32
Firemans #4 Blonde Ale (2013),Real Ale Brewing Company,TX,South,Pale Ale,Ale,12,5.1,21
Big Sky IPA,Big Sky Brewing Company,MT,West,IPA,Strong Ale,12,6.2,65
Scape Goat Pale Ale,Big Sky Brewing Company,MT,West,Pale Ale,Ale,12,5.0,40
Montana Trout Slayer Ale,Big Sky Brewing Company,MT,West,Pale Ale,Ale,12,5.0,35
Moose Drool Brown Ale,Big Sky Brewing Company,MT,West,Dark Ale,Dark,12,5.1,26
Wick For Brains,Nebraska Brewing Company,NE,Midwest,Ale - Other,Ale,12,6.1,11
Great Crescent IPA,Great Crescent Brewery,IN,Midwest,IPA,Strong Ale,16,6.2,60
Aurora Lager,Great Crescent Brewery,IN,Midwest,German Lager,Lager,16,5.7,27
Great Crescent Blonde Ale,Great Crescent Brewery,IN,Midwest,Pale Ale,Ale,16,5.3,22
Wolf Among Weeds IPA,Golden Road Brewing,CA,West,IPA,Strong Ale,16,8.0,70
Hi-Res,Sixpoint Craft Ales,NY,Northeast,IPA,Strong Ale,12,9.9,111
Dry-Hopped On The High Seas Caribbean-Style IPA,Cigar City Brewing Company,FL,South,IPA,Strong Ale,12,7.0,60
Hopped on the High Seas (Citra),Cigar City Brewing Company,FL,South,IPA,Strong Ale,12,7.0,60
Hopped on the High Seas (Ahtanum),Cigar City Brewing Company,FL,South,IPA,Strong Ale,12,7.0,60
Stir Crazy Winter Ale,Indeed Brewing Company,MN,Midwest,Dark Ale,Dark,12,6.5,22
American Hero,Liquid Hero Brewery,PA,Northeast,Dark Ale,Dark,12,5.7,42
Schweet Ale,Liquid Hero Brewery,PA,Northeast,Sour,Other,12,5.2,20
Irregardless IPA,Liquid Hero Brewery,PA,Northeast,IPA,Strong Ale,12,6.5,75
Category 3 IPA,Due South Brewing Company,FL,South,IPA,Strong Ale,12,6.1,64
Squatters Hop Rising Double IPA (2014),Utah Brewers Cooperative,UT,West,IPA,Strong Ale,12,9.0,75
KelSo Nut Brown Lager,KelSo Beer Company,NY,Northeast,Lager,Lager,12,5.7,19
The Great Return,Hardywood Park Craft Brewery,VA,South,IPA,Strong Ale,16,7.5,70
Troopers Alley IPA,Wolf Hills Brewing Company,VA,South,IPA,Strong Ale,12,5.9,135
Madra Allta,Lavery Brewing Company,PA,Northeast,IPA,Strong Ale,12,6.4,95
Chaotic Double IPA,Manzanita Brewing Company,CA,West,IPA,Strong Ale,12,9.9,93
Manzanita IPA,Manzanita Brewing Company,CA,West,IPA,Strong Ale,12,8.0,88
Riverwalk Blonde Ale,Manzanita Brewing Company,CA,West,Pale Ale,Ale,12,6.0,25
Gillespie Brown Ale,Manzanita Brewing Company,CA,West,Dark Ale,Dark,12,9.5,49
Manzanita Pale Ale,Manzanita Brewing Company,CA,West,Pale Ale,Ale,12,6.6,44
Oakshire Amber Ale,Oakshire Brewing,OR,West,Dark Ale,Dark,12,5.4,24
Overcast Espresso Stout,Oakshire Brewing,OR,West,Stout / Porter,Dark,12,5.8,27
King Street IPA,King Street Brewing Company,AK,West,IPA,Strong Ale,12,6.0,70
King Street Hefeweizen,King Street Brewing Company,AK,West,German Ale,Ale,12,5.7,10
Sobek & Set,Finch's Beer Company,IL,Midwest,Dark Ale,Dark,16,8.0,80
Wet Hot American Wheat Ale,Finch's Beer Company,IL,Midwest,Pale Ale,Ale,16,5.0,22
Trailhead ISA,Two Beers Brewing Company,WA,West,IPA,Strong Ale,12,4.8,48
Immersion Amber,Two Beers Brewing Company,WA,West,Dark Ale,Dark,12,5.2,27
Evo IPA,Two Beers Brewing Company,WA,West,IPA,Strong Ale,12,6.2,70
Wee Muckle,Sun King Brewing Company,IN,Midwest,Strong Ale,Strong Ale,16,9.0,30
Hop Bomber Rye Pale Ale,Rivertown Brewing Company,OH,Midwest,Pale Ale,Ale,16,5.5,60
Chai Ale,Central Coast Brewing Company,CA,West,Other,Other,16,5.1,15
Lucky Day IPA,Central Coast Brewing Company,CA,West,IPA,Strong Ale,16,7.2,85
Terrace Hill Double IPA,Central Coast Brewing Company,CA,West,IPA,Strong Ale,16,9.5,99
Catch 23,Central Coast Brewing Company,CA,West,Dark Ale,Dark,16,7.5,77
Better Weather IPA,Golden Road Brewing,CA,West,IPA,Strong Ale,16,9.4,92
Night Cat (2014),Two Brothers Brewing Company,IL,Midwest,Dark Ale,Dark,12,5.8,43
Belgian Style Session Ale,Manayunk Brewing Company,PA,Northeast,Pale Ale,Ale,12,4.5,21
Jam Session,NoDa Brewing Company,NC,South,Pale Ale,Ale,16,5.1,31
Hop Drop 'N Roll IPA,NoDa Brewing Company,NC,South,IPA,Strong Ale,16,7.2,80
Pumpkin Beast,Aviator Brewing Company,NC,South,Ale - Other,Ale,12,6.2,17
Hop Slayer Double IPA,Wild Onion Brewing Company,IL,Midwest,IPA,Strong Ale,12,8.2,100
The 12th Can™,Hilliard's Beer,WA,West,Pale Ale,Ale,16,4.5,32
Gyptoberfest,Bonfire Brewing Company,CO,West,German Lager,Lager,12,5.6,26
Half Cycle IPA,Flat 12 Bierwerks,IN,Midwest,IPA,Strong Ale,16,6.0,104
Initial Point India Pale Ale,Slanted Rock Brewing Company,ID,West,IPA,Strong Ale,12,7.1,92
Global Warmer,Sixpoint Craft Ales,NY,Northeast,Strong Ale,Strong Ale,12,7.0,70
Snow King Pale Ale,Snake River Brewing Company,WY,West,Pale Ale,Ale,12,6.0,55
Festeroo Winter Ale,Hop Valley Brewing Company,OR,West,Strong Ale,Strong Ale,12,7.8,60
Chickawawa Lemonale,Great River Brewery,IA,Midwest,Sour,Other,12,5.0,5
Good Vibes IPA,Voodoo Brewery,PA,Northeast,IPA,Strong Ale,12,7.3,85
Dagger Falls IPA,Sockeye Brewing Company,ID,West,IPA,Strong Ale,12,6.3,100
Dagger Falls IPA,Sockeye Brewing Company,ID,West,IPA,Strong Ale,12,6.3,100
Maylani's Coconut Stout,Airways Brewing Company,WA,West,Stout / Porter,Dark,16,5.3,35
Autumnation (2013),Sixpoint Craft Ales,NY,Northeast,IPA,Strong Ale,16,6.7,74
Sly Fox Christmas Ale 2013,Sly Fox Brewing Company,PA,Northeast,Dark Ale,Dark,12,5.5,16
Fat Tire Amber Ale,New Belgium Brewing Company,CO,West,Dark Ale,Dark,12,5.2,18
Four Peaks Peach Ale,Four Peaks Brewing Company,AZ,West,Sour,Other,12,4.2,9
Scruffy's Smoked Alt,Cedar Creek Brewery,TX,South,Other,Other,16,5.1,35
Hammer & Sickle,Renegade Brewing Company,CO,West,Stout / Porter,Dark,12,9.0,60
Trolley Stop Stout,Astoria Brewing Company,OR,West,Stout / Porter,Dark,12,5.7,40
OktoberBeast,Aviator Brewing Company,NC,South,German Lager,Lager,12,7.2,22
Lahaina Town Brown,Maui Brewing Company,HI,West,Dark Ale,Dark,12,5.1,20
12th Round,RoughTail Brewing Company,OK,South,Strong Ale,Strong Ale,16,7.6,78
RoughTail IPA,RoughTail Brewing Company,OK,South,IPA,Strong Ale,16,7.0,80
Barrel Aged Farmer,Great River Brewery,IA,Midwest,Dark Ale,Dark,16,7.0,22
KelSo India Pale Ale,KelSo Beer Company,NY,Northeast,IPA,Strong Ale,12,6.0,64
Slow Hand Stout,Lucette Brewing Company,WI,Midwest,Stout / Porter,Dark,16,5.2,29
Centennial IPA,Founders Brewing Company,MI,Midwest,IPA,Strong Ale,12,7.2,65
Grandma's Pecan,The Dudes' Brewing Company,CA,West,Dark Ale,Dark,16,6.9,34
Double Trunk,The Dudes' Brewing Company,CA,West,IPA,Strong Ale,16,9.9,101
Mother in Lager,Karbach Brewing Company,TX,South,German Lager,Lager,12,5.8,25
Weekend Warrior Pale Ale,Karbach Brewing Company,TX,South,Pale Ale,Ale,12,5.5,40
Batch 69 IPA,Frankenmuth Brewery,MI,Midwest,IPA,Strong Ale,12,6.9,69
Sweet Yamma Jamma Ale,Indeed Brewing Company,MN,Midwest,Sour,Other,12,5.0,10
Dog Days Summer Ale,Round Guys Brewing,PA,Northeast,German Ale,Ale,12,4.5,28
Farmer Wirtz India Pale Ale,Bonfire Brewing Company,CO,West,IPA,Strong Ale,16,7.0,94
Full Nelson Pale Ale,Blue Mountain Brewery,VA,South,Pale Ale,Ale,12,5.9,60
Blue Mountain Classic Lager,Blue Mountain Brewery,VA,South,Lager,Lager,12,5.3,22
Starr Pils,Starr Hill Brewery,VA,South,German Lager,Lager,12,4.2,20
Proxima IPA,Hop Valley Brewing Company,OR,West,IPA,Strong Ale,12,6.3,70
Monkey Fist IPA,Shipyard Brewing Company,ME,Northeast,IPA,Strong Ale,12,6.9,65
G'KNIGHT,Oskar Blues Brewery (North Carol...,NC,South,IPA,Strong Ale,12,8.7,85
Ten Fidy,Oskar Blues Brewery (North Carol...,NC,South,Stout / Porter,Dark,12,9.9,98
Agave Wheat,Breckenridge Brewery,CO,West,Pale Ale,Ale,12,4.2,9
Modus Hoperandi,Ska Brewing Company,CO,West,IPA,Strong Ale,12,6.8,65
Barney Flats Oatmeal Stout,Anderson Valley Brewing Company,CA,West,Stout / Porter,Dark,12,5.7,13
Saison 88,Santa Fe Brewing Company,NM,West,Ale - Other,Ale,12,5.5,30
Easy Day Kolsch,Worthy Brewing Company,OR,West,German Ale,Ale,12,4.5,25
Lights Out Vanilla Cream Extra Stout,Worthy Brewing Company,OR,West,IPA,Strong Ale,12,7.7,30
Worthy IPA (2013),Worthy Brewing Company,OR,West,IPA,Strong Ale,12,6.9,69
Worthy Pale,Worthy Brewing Company,OR,West,Pale Ale,Ale,12,6.0,50
Troegenator Doublebock,Tröegs Brewing Company,PA,Northeast,German Lager,Lager,16,8.2,25
Perpetual IPA,Tröegs Brewing Company,PA,Northeast,IPA,Strong Ale,12,7.5,85
Shark Bait,Miami Brewing Company,FL,South,Sour,Other,12,5.3,11
Gator Tail Brown Ale,Miami Brewing Company,FL,South,Dark Ale,Dark,12,5.3,30
Miami Vice IPA,Miami Brewing Company,FL,South,IPA,Strong Ale,12,7.1,62
Flying Jenny Extra Pale Ale,Grey Sail Brewing of Rhode Island,RI,Northeast,Pale Ale,Ale,12,6.0,54
Country Boy IPA,Everybody's Brewing,WA,West,IPA,Strong Ale,12,6.2,80
Valkyrie Double IPA,Southern Star Brewing Company,TX,South,IPA,Strong Ale,12,9.2,100
Lomaland,Modern Times Beer,CA,West,Ale - Other,Ale,16,5.5,30
Fortunate Islands,Modern Times Beer,CA,West,Pale Ale,Ale,16,4.7,46
Black House,Modern Times Beer,CA,West,Stout / Porter,Dark,16,5.8,40
Blazing World,Modern Times Beer,CA,West,Dark Ale,Dark,16,6.5,115
Point the Way IPA,Golden Road Brewing,CA,West,IPA,Strong Ale,16,5.9,60
Golden Road Hefeweizen,Golden Road Brewing,CA,West,German Ale,Ale,16,4.6,15
Pilzilla,Voodoo Brewery,PA,Northeast,Strong Ale,Strong Ale,12,7.5,85
Falling Down Brown Ale,Old Forge Brewing Company,PA,Northeast,Dark Ale,Dark,16,6.5,65
Summer Paradise,Manayunk Brewing Company,PA,Northeast,Pale Ale,Ale,12,5.0,18
51K IPA,Blackrocks Brewery,MI,Midwest,IPA,Strong Ale,12,7.0,51
1881 California Red,Ruhstaller Beer Company,CA,West,Dark Ale,Dark,12,5.6,35
CAPT Black IPA,Ruhstaller Beer Company,CA,West,Dark Ale,Dark,12,7.3,55
Oval Beach Blonde Ale,Saugatuck Brewing Company,MI,Midwest,Pale Ale,Ale,16,5.0,11
Ananda India Pale Ale,Wiseacre Brewing Company,TN,South,IPA,Strong Ale,12,6.2,61
Tiny Bomb,Wiseacre Brewing Company,TN,South,Pale Ale,Ale,12,4.5,23
Wolverine Premium Lager,Wolverine State Brewing Company,MI,Midwest,Lager,Lager,12,4.7,15
Hideout Helles,Pug Ryan's Brewery,CO,West,German Lager,Lager,12,6.9,17
Dead Eye Dunkel,Pug Ryan's Brewery,CO,West,German Lager,Lager,12,6.0,15
Karbachtoberfest,Karbach Brewing Company,TX,South,German Lager,Lager,12,5.5,25
Powder Hound Winter Ale,Big Sky Brewing Company,MT,West,Strong Ale,Strong Ale,12,7.2,60
Sudice American Stout,Fate Brewing Company,CO,West,Stout / Porter,Dark,16,7.0,58
Parcae Belgian Style Pale Ale,Fate Brewing Company,CO,West,Pale Ale,Ale,16,5.0,20
Norns Roggenbier,Fate Brewing Company,CO,West,Ale - Other,Ale,16,5.0,20
Laimas Kölsch Style Ale,Fate Brewing Company,CO,West,German Ale,Ale,16,5.0,20
Moirai India Pale Ale,Fate Brewing Company,CO,West,IPA,Strong Ale,16,7.0,70
Overlord Imperial IPA,Tin Man Brewing Company,IN,Midwest,IPA,Strong Ale,16,8.5,115
Dale's Pale Ale,Oskar Blues Brewery,CO,West,Pale Ale,Ale,12,6.5,65
F5 IPA,COOP Ale Works,OK,South,IPA,Strong Ale,16,6.8,100
Boat Beer,Carton Brewing Company,NJ,Northeast,IPA,Strong Ale,12,4.2,35
Stone's Throw IPA,Fargo Brewing Company,ND,Midwest,Strong Ale,Strong Ale,12,4.5,19
Wood Chipper India Pale Ale,Fargo Brewing Company,ND,Midwest,IPA,Strong Ale,12,6.7,70
Tin Roof Watermelon Wheat,Tin Roof Brewing Company,LA,South,Sour,Other,12,5.0,21
Grapefruit Jungle (GFJ),Sun King Brewing Company,IN,Midwest,IPA,Strong Ale,16,7.5,77
Caldera Pale Ale,Caldera Brewing Company,OR,West,Pale Ale,Ale,12,5.6,55
Sand Island Lighthouse,Straight to Ale,AL,South,German Ale,Ale,12,5.1,25
Kölsch 151,Blue Mountain Brewery,VA,South,German Ale,Ale,12,4.9,16
Tybee Island Blonde,Coastal Empire Beer Company,GA,South,Pale Ale,Ale,12,4.7,17
Savannah Brown Ale,Coastal Empire Beer Company,GA,South,Dark Ale,Dark,12,6.2,55
North 45 Amber Ale,Petoskey Brewing,MI,Midwest,Dark Ale,Dark,16,5.9,25
Horny Monk,Petoskey Brewing,MI,Midwest,Belgian,Ale,16,6.9,20
Mind's Eye PA,Petoskey Brewing,MI,Midwest,IPA,Strong Ale,16,6.7,74
Ballast Point Pale Ale,Ballast Point Brewing Company,CA,West,German Ale,Ale,12,5.2,23
Big Eye India Pale Ale,Ballast Point Brewing Company,CA,West,IPA,Strong Ale,12,7.0,75
Heal the Bay IPA,Golden Road Brewing,CA,West,IPA,Strong Ale,16,6.8,65
Pigwar White India Pale Ale,Hopworks Urban Brewery,OR,West,IPA,Strong Ale,16,6.0,60
Two-One Niner,Laughing Dog Brewing Company,ID,West,Pale Ale,Ale,12,4.8,9
Laughing Dog IPA,Laughing Dog Brewing Company,ID,West,IPA,Strong Ale,12,6.4,66
Hazed & Infused,Boulder Beer Company,CO,West,Pale Ale,Ale,12,4.9,35
Old Forge Pumpkin Ale,Old Forge Brewing Company,PA,Northeast,Ale - Other,Ale,16,4.6,20
Cascadian Dark Ale,Coalition Brewing Company,OR,West,Dark Ale,Dark,12,6.0,75
Sanitas Saison Ale,Sanitas Brewing Company,CO,West,Ale - Other,Ale,12,5.8,20
Sanitas Black IPA,Sanitas Brewing Company,CO,West,Dark Ale,Dark,12,6.8,65
Double D Blonde (2013),Hop Valley Brewing Company,OR,West,Pale Ale,Ale,12,4.9,20
Osiris Pale Ale,Sun King Brewing Company,IN,Midwest,Pale Ale,Ale,16,5.6,50
The Crisp,Sixpoint Craft Ales,NY,Northeast,German Lager,Lager,16,5.4,42
Sweet Action,Sixpoint Craft Ales,NY,Northeast,Pale Ale,Ale,16,5.2,34
Righteous Ale,Sixpoint Craft Ales,NY,Northeast,Other,Other,16,6.3,57
Bengali Tiger,Sixpoint Craft Ales,NY,Northeast,IPA,Strong Ale,16,6.4,62
Elephant Rock IPA,Pikes Peak Brewing Company,CO,West,IPA,Strong Ale,12,7.0,75
Beaver Logger,Gore Range Brewery,CO,West,Lager,Lager,12,5.2,19
Crank Yanker IPA,Eddyline Brewery & Restaurant,CO,West,IPA,Strong Ale,16,7.8,74
Ruhstaller's Gilt Edge Lager Beer,Ruhstaller Beer Company,CA,West,Lager,Lager,12,4.8,42
Bourbon Barrel Aged Timmie,Sun King Brewing Company,IN,Midwest,Stout / Porter,Dark,16,9.9,75
Stupid Sexy Flanders,Sun King Brewing Company,IN,Midwest,Sour,Other,16,6.3,23
Grisette,Sly Fox Brewing Company,PA,Northeast,Other,Other,12,5.6,25
Half Full Bright Ale,Half Full Brewery,CT,Northeast,Pale Ale,Ale,12,5.2,18
Point Oktoberfest,Stevens Point Brewery,WI,Midwest,German Lager,Lager,16,5.7,15
Monk from the 'Yunk,Manayunk Brewing Company,PA,Northeast,Belgian,Ale,12,9.0,30
Schuylkill Punch,Manayunk Brewing Company,PA,Northeast,Sour,Other,12,6.0,14
541 American Lager,Hop Valley Brewing Company,OR,West,Lager,Lager,12,4.8,13
Alphadelic IPA,Hop Valley Brewing Company,OR,West,IPA,Strong Ale,12,6.5,90
Grazias,Hess Brewing Company,CA,West,Pale Ale,Ale,16,6.3,30
Summer Solstice,Anderson Valley Brewing Company,CA,West,Pale Ale,Ale,12,5.6,4
Habitus IPA,Hess Brewing Company,CA,West,IPA,Strong Ale,16,8.0,86
Old Chico Crystal Wheat,Sierra Nevada Brewing Company,CA,West,Pale Ale,Ale,12,4.8,26
Dreamin' Double IPA,Manayunk Brewing Company,PA,Northeast,IPA,Strong Ale,12,8.5,85
Quakertown Stout,Armadillo Ale Works,TX,South,Stout / Porter,Dark,12,9.2,50
Greenbelt Farmhouse Ale,Armadillo Ale Works,TX,South,Ale - Other,Ale,12,5.1,20
Hardywood Cream Ale,Hardywood Park Craft Brewery,VA,South,Pale Ale,Ale,12,4.4,18
Deviant Dale's IPA,Oskar Blues Brewery (North Carol...,NC,South,IPA,Strong Ale,16,8.0,85
Hop Ottin' IPA,Anderson Valley Brewing Company,CA,West,IPA,Strong Ale,12,7.0,80
Boont Amber Ale,Anderson Valley Brewing Company,CA,West,Dark Ale,Dark,12,5.8,15
Big Rod Coconut Ale,Miami Brewing Company,FL,South,Pale Ale,Ale,12,5.3,16
Green Bullet Organic India Pale Ale,Asher Brewing Company,CO,West,IPA,Strong Ale,16,7.0,45
Wild Wolf Wee Heavy Scottish Style Ale,Wild Wolf Brewing Company,VA,South,Strong Ale,Strong Ale,12,5.7,20
Westbrook Gose,Westbrook Brewing Company,SC,South,Sour,Other,12,4.0,5
Face Plant IPA,Lost Rhino Brewing Company,VA,South,IPA,Strong Ale,12,6.2,65
Blur India Pale Ale,Seabright Brewery,CA,West,IPA,Strong Ale,12,7.4,60
Gateway Kolsch Style Ale,French Broad Brewery,NC,South,German Ale,Ale,12,5.3,32
Estival Cream Stout,Ska Brewing Company,CO,West,Stout / Porter,Dark,12,5.8,15
Point the Way IPA,Golden Road Brewing,CA,West,IPA,Strong Ale,12,5.9,60
Narragansett Bohemian Pilsner,Narragansett Brewing Company,RI,Northeast,German Lager,Lager,16,8.6,35
Bozone HopZone IPA,Bozeman Brewing Company,MT,West,IPA,Strong Ale,12,7.0,80
Bozone Hefe Weizen,Bozeman Brewing Company,MT,West,German Ale,Ale,12,6.0,25
Dog Days Lager,Two Brothers Brewing Company,IL,Midwest,German Lager,Lager,12,5.1,17
Nice Rack IPA,Southern Oregon Brewing Company,OR,West,IPA,Strong Ale,16,5.5,65
East India Pale Ale,Brooklyn Brewery,NY,Northeast,IPA,Strong Ale,16,6.8,47
Louie's Demise Amber Ale,Milwaukee Brewing Company,WI,Midwest,Dark Ale,Dark,16,5.1,24
Capital Trail Pale Ale,Hardywood Park Craft Brewery,VA,South,Pale Ale,Ale,12,5.6,55
Old Grogham Imperial India Pale Ale,Natian Brewery,OR,West,IPA,Strong Ale,16,8.5,86
El Hefe Speaks,DC Brau Brewing Company,DC,South,German Ale,Ale,12,5.3,11
Bent Paddle Black Ale,Bent Paddle Brewing Company,MN,Midwest,Dark Ale,Dark,12,6.0,34
Wee-Heavy-Er Scotch Ale,French Broad Brewery,NC,South,Strong Ale,Strong Ale,12,7.0,24
Jack Pine Savage,Big Wood Brewery,MN,Midwest,Pale Ale,Ale,16,5.3,43
Forest Fire Imperial Smoked Rye,Big Wood Brewery,MN,Midwest,Other,Other,16,9.9,85
Bad Axe Imperial IPA,Big Wood Brewery,MN,Midwest,IPA,Strong Ale,16,9.8,76
Venture Pils,Bent Paddle Brewing Company,MN,Midwest,German Lager,Lager,12,5.0,38
Dale's Pale Ale,Oskar Blues Brewery,CO,West,Pale Ale,Ale,12,6.5,65
Duluchan India Pale Ale,Lavery Brewing Company,PA,Northeast,IPA,Strong Ale,12,5.6,70
Main St. Virginia Ale,Center of the Universe Brewing C...,VA,South,German Ale,Ale,12,5.0,40
Ray Ray’s Pale Ale,Center of the Universe Brewing C...,VA,South,Pale Ale,Ale,12,5.2,42
Dos Pistolas,Great River Brewery,IA,Midwest,Lager,Lager,12,4.8,20
Big Nose,Swamp Head Brewery,FL,South,IPA,Strong Ale,12,7.3,50
Cotton Mouth,Swamp Head Brewery,FL,South,Belgian,Ale,12,5.0,10
Stump Knocker Pale Ale,Swamp Head Brewery,FL,South,Pale Ale,Ale,12,5.6,35
Midnight Oil,Swamp Head Brewery,FL,South,Stout / Porter,Dark,12,5.0,38
Wild Night,Swamp Head Brewery,FL,South,Pale Ale,Ale,12,5.9,18
Pace Setter Belgian Style Wit,Mavericks Beer Company,CA,West,Belgian,Ale,12,3.7,21
Love Street Summer Seasonal (2014),Karbach Brewing Company,TX,South,German Ale,Ale,12,4.7,20
Dodgy Knight Imperial IPA,TailGate Beer,CA,West,IPA,Strong Ale,12,8.0,95
Mad Beach,Aviator Brewing Company,NC,South,Pale Ale,Ale,12,4.8,23
Three Skulls Ale Pale Ale,Northwest Brewing Company,WA,West,Pale Ale,Ale,16,6.3,42
Point Nude Beach Summer Wheat,Stevens Point Brewery,WI,Midwest,Pale Ale,Ale,16,5.2,7
All Day IPA,Founders Brewing Company,MI,Midwest,IPA,Strong Ale,12,4.7,42
Barney Flats Oatmeal Stout,Anderson Valley Brewing Company,CA,West,Stout / Porter,Dark,12,5.7,13
Longboard Island Lager,Kona Brewing Company,HI,West,Lager,Lager,16,4.6,18
El Steinber Dark Lager,Anderson Valley Brewing Company,CA,West,Lager,Lager,16,5.5,25
Chuli Stout,Denali Brewing Company,AK,West,Stout / Porter,Dark,12,5.9,55
SUM'R,Uinta Brewing Company,UT,West,Pale Ale,Ale,12,4.0,17
Mirror Pond Pale Ale,Deschutes Brewery,OR,West,Pale Ale,Ale,12,5.0,40
Twisted Helles Summer Lager,Frankenmuth Brewery,MI,Midwest,German Lager,Lager,12,5.5,18
Northern Lights India Pale Ale,Starr Hill Brewery,VA,South,IPA,Strong Ale,16,6.5,52
Farmhouse Wit,Deep Ellum Brewing Company,TX,South,Ale - Other,Ale,16,4.8,25
Striped Bass Pale Ale,Devil's Backbone Brewing Company,VA,South,Pale Ale,Ale,12,5.2,26
Bomber Mountain Amber Ale (2013),The Black Tooth Brewing Company,WY,West,Dark Ale,Dark,12,4.6,20
Indian Paintbrush IPA,The Black Tooth Brewing Company,WY,West,IPA,Strong Ale,12,7.0,75
Saddle Bronc Brown Ale (2013),The Black Tooth Brewing Company,WY,West,Dark Ale,Dark,12,4.8,16
Wagon Box Wheat Beer,The Black Tooth Brewing Company,WY,West,Pale Ale,Ale,12,5.9,15
Wild Plum Farmhouse Ale,Tallgrass Brewing Company,KS,Midwest,Ale - Other,Ale,16,5.6,20
Wild Wolf American Pilsner,Wild Wolf Brewing Company,VA,South,Pale Ale,Ale,12,4.5,25
Alpha Ale,Wild Wolf Brewing Company,VA,South,Pale Ale,Ale,12,5.1,45
Peninsula Brewers Reserve (PBR),Kenai River Brewing Company,AK,West,Pale Ale,Ale,12,5.0,15
Hazy Day Belgian-Style Wit,Grey Sail Brewing of Rhode Island,RI,Northeast,Belgian,Ale,16,4.0,20
Kindler Pale Ale,Bonfire Brewing Company,CO,West,Pale Ale,Ale,12,5.3,45
Elliott's Phoned Home Pale Ale,Cedar Creek Brewery,TX,South,Pale Ale,Ale,16,5.1,36
Mutiny IPA,Capital Brewery,WI,Midwest,IPA,Strong Ale,12,6.2,70
Redacted Rye IPA,Renegade Brewing Company,CO,West,IPA,Strong Ale,16,7.0,100
Old Chub,Oskar Blues Brewery (North Carol...,NC,South,Strong Ale,Strong Ale,12,8.0,35
Evolutionary IPA (2012),Two Beers Brewing Company,WA,West,IPA,Strong Ale,12,6.2,70
Mo's Gose,Armstrong Brewing Company,CA,West,Sour,Other,16,5.2,10
Farm Girl Saison,Lift Bridge Brewing Company,MN,Midwest,Ale - Other,Ale,16,6.0,30
Colorado Native,AC Golden Brewing Company,CO,West,Lager,Lager,12,5.5,26
Oatmeal PSA,Airways Brewing Company,WA,West,Pale Ale,Ale,16,5.0,35
Old Devil's Tooth,Sockeye Brewing Company,ID,West,Strong Ale,Strong Ale,12,9.9,100
Mother Ale,Denali Brewing Company,AK,West,Pale Ale,Ale,12,5.6,46
Lumberyard Pilsner,Lumberyard Brewing Company,AZ,West,Pale Ale,Ale,12,5.3,20
Hell-Diver Pale Ale,Sockeye Brewing Company,ID,West,Pale Ale,Ale,12,5.2,32
Woolybugger Wheat,Sockeye Brewing Company,ID,West,Pale Ale,Ale,12,4.6,12
Nebraska India Pale Ale,Nebraska Brewing Company,NE,Midwest,IPA,Strong Ale,12,6.5,65
EOS Hefeweizen,Nebraska Brewing Company,NE,Midwest,German Ale,Ale,12,4.8,10
Brunette Nut Brown Ale,Nebraska Brewing Company,NE,Midwest,Dark Ale,Dark,12,4.8,15
Cardinal Pale Ale,Nebraska Brewing Company,NE,Midwest,Pale Ale,Ale,12,5.7,29
Humidor Series India Pale Ale,Cigar City Brewing Company,FL,South,IPA,Strong Ale,12,7.5,70
Jai Alai IPA Aged on White Oak,Cigar City Brewing Company,FL,South,IPA,Strong Ale,12,7.5,70
Maduro Brown Ale,Cigar City Brewing Company,FL,South,Dark Ale,Dark,12,5.5,25
Pre Flight Pilsner,Airways Brewing Company,WA,West,Pale Ale,Ale,16,5.2,33
Our Legacy IPA,Matt Brewing Company,NY,Northeast,IPA,Strong Ale,16,6.5,60
Ring of Dingle,Sun King Brewing Company,IN,Midwest,Stout / Porter,Dark,16,7.1,27
Bourbon Barrel Wee Mac,Sun King Brewing Company,IN,Midwest,Strong Ale,Strong Ale,16,5.4,23
Psychopathy,Madtree Brewing Company,OH,Midwest,IPA,Strong Ale,12,6.9,70
Gnarly Brown,Madtree Brewing Company,OH,Midwest,Dark Ale,Dark,12,7.0,32
Happy Amber,Madtree Brewing Company,OH,Midwest,Dark Ale,Dark,12,6.0,30
Helles Golden Lager,Sly Fox Brewing Company,PA,Northeast,German Lager,Lager,12,4.9,18
Sidekick Extra Pale Ale,Two Brothers Brewing Company,IL,Midwest,Pale Ale,Ale,12,5.1,36
Hipster Breakfast,Southern Prohibition Brewing Com...,MS,Midwest,Stout / Porter,Dark,16,5.8,40
Suzy B Dirty Blonde Ale,Southern Prohibition Brewing Com...,MS,Midwest,Pale Ale,Ale,16,5.0,20
Devil's Harvest Extra Pale Ale,Southern Prohibition Brewing Com...,MS,Midwest,Pale Ale,Ale,16,5.8,60
Shenanigans Summer Ale,Indeed Brewing Company,MN,Midwest,Pale Ale,Ale,12,4.6,27
Elder Betty,Magic Hat Brewing Company,VT,Northeast,German Ale,Ale,12,5.5,13
Overrated! West Coast Style IPA,Surly Brewing Company,MN,Midwest,IPA,Strong Ale,16,7.3,69
Heady Topper,The Alchemist,VT,Northeast,IPA,Strong Ale,16,8.0,120
Descender IPA,Good Life Brewing Company,OR,West,IPA,Strong Ale,12,7.0,70
Sweet As Pacific Ale,Good Life Brewing Company,OR,West,Pale Ale,Ale,12,6.0,18
Pablo Beach Pale Ale,Green Room Brewing,FL,South,Pale Ale,Ale,12,5.0,30
Organic Baba Black Lager,Uinta Brewing Company,UT,West,German Lager,Lager,12,4.0,32
Narragansett Summer Ale,Narragansett Brewing Company,RI,Northeast,Pale Ale,Ale,12,4.2,24
Hans' Pils (2015),Real Ale Brewing Company,TX,South,German Lager,Lager,12,5.3,52
Double Bag,Long Trail Brewing Company,VT,Northeast,German Ale,Ale,16,7.2,33
Hop Notch IPA (2013),Uinta Brewing Company,UT,West,IPA,Strong Ale,12,7.3,82
Cutthroat Pale Ale,Uinta Brewing Company,UT,West,Pale Ale,Ale,12,4.0,34
Four Squared (2015),Real Ale Brewing Company,TX,South,Pale Ale,Ale,12,6.0,50
Rise-Up Red (2014),Hopworks Urban Brewery,OR,West,Dark Ale,Dark,16,5.8,60
RecreationAle,Terrapin Brewing Company,GA,South,Pale Ale,Ale,12,4.7,42
Hop Happy,Milwaukee Brewing Company,WI,Midwest,IPA,Strong Ale,16,7.5,51
Epicenter Amber Ale,SanTan Brewing Company,AZ,West,Dark Ale,Dark,12,5.5,20
SanTan HefeWeizen,SanTan Brewing Company,AZ,West,German Ale,Ale,12,5.0,15
Hop Shock IPA,SanTan Brewing Company,AZ,West,IPA,Strong Ale,12,7.0,85
Longboard Island Lager,Kona Brewing Company,HI,West,Lager,Lager,12,4.6,18
Barn Burner Saison,Karbach Brewing Company,TX,South,Ale - Other,Ale,12,6.6,20
Disconnected Red,Big Choice Brewing,CO,West,Dark Ale,Dark,16,6.7,85
Dale's Pale Ale,Oskar Blues Brewery (North Carol...,NC,South,Pale Ale,Ale,12,6.5,65
Vanilla Bean Buffalo Sweat,Tallgrass Brewing Company,KS,Midwest,Stout / Porter,Dark,16,5.0,20
The Hole in Hadrian's Wall,Okoboji Brewing Company,IA,Midwest,Strong Ale,Strong Ale,16,9.5,19
33 Select Brown Ale,Okoboji Brewing Company,IA,Midwest,Dark Ale,Dark,16,6.5,26
South Ridge Amber Ale,Crystal Springs Brewing Company,CO,West,Dark Ale,Dark,16,6.0,31
The Lawn Ranger,Cedar Creek Brewery,TX,South,Pale Ale,Ale,16,5.0,18
Bourbon Barrel Johan,Sun King Brewing Company,IN,Midwest,Strong Ale,Strong Ale,16,9.9,60
Outlaw IPA,Payette Brewing Company,ID,West,IPA,Strong Ale,12,6.2,65
Back in the Saddle Rye Pale Ale,Mavericks Beer Company,CA,West,Pale Ale,Ale,12,3.7,53
Atom Smasher,Two Brothers Brewing Company,IL,Midwest,German Lager,Lager,12,7.7,23
Bronx Pale Ale,The Bronx Brewery,NY,Northeast,Pale Ale,Ale,16,6.3,50
Fireside Chat,21st Amendment Brewery,CA,West,Dark Ale,Dark,12,7.9,45
Watership Brown Ale,Red Hare Brewing Company,GA,South,Dark Ale,Dark,12,7.2,55
3Beans,Sixpoint Craft Ales,NY,Northeast,Stout / Porter,Dark,12,9.9,85
Sculpin IPA,Ballast Point Brewing Company,CA,West,IPA,Strong Ale,12,7.0,70
Ethos IPA,Tallgrass Brewing Company,KS,Midwest,IPA,Strong Ale,16,6.8,110
Orange Wheat,Hangar 24 Craft Brewery,CA,West,Sour,Other,12,4.6,17
Hangar 24 Helles Lager,Hangar 24 Craft Brewery,CA,West,German Lager,Lager,12,4.3,14
Red Cockaded Ale (2013),Southern Star Brewing Company,TX,South,IPA,Strong Ale,12,8.5,110
Old Potentate,Southern Star Brewing Company,TX,South,Strong Ale,Strong Ale,12,7.2,40
Tallgrass Pub Ale,Tallgrass Brewing Company,KS,Midwest,Dark Ale,Dark,16,4.4,12
Elevation Triple India Pale Ale,Renegade Brewing Company,CO,West,IPA,Strong Ale,12,9.9,100
5:00 O'Clock Afternoon Ale,Renegade Brewing Company,CO,West,Pale Ale,Ale,16,5.0,25
Good People Pale Ale,Good People Brewing Company,AL,South,Pale Ale,Ale,12,5.6,36
Watershed IPA (2013),Oakshire Brewing,OR,West,IPA,Strong Ale,12,6.7,70
Winterfest,Sockeye Brewing Company,ID,West,Strong Ale,Strong Ale,16,8.4,90
Get Up Offa That Brown,Golden Road Brewing,CA,West,Dark Ale,Dark,16,5.5,20
Loose Cannon,Heavy Seas Beer,MD,South,IPA,Strong Ale,12,7.2,45
AARGHtoberfest!,Heavy Seas Beer,MD,South,German Lager,Lager,12,6.0,30
Morning Wood,Big Wood Brewery,MN,Midwest,Stout / Porter,Dark,16,5.5,35
Bark Bite IPA,Big Wood Brewery,MN,Midwest,IPA,Strong Ale,16,6.6,50
Bitter Bitch Imperial IPA,Astoria Brewing Company,OR,West,IPA,Strong Ale,12,8.2,138
Old Red Beard Amber Ale,Astoria Brewing Company,OR,West,Dark Ale,Dark,12,6.0,35
WYLD Extra Pale Ale,Uinta Brewing Company,UT,West,Pale Ale,Ale,12,4.0,29
Rude Parrot IPA,7 Seas Brewing Company,WA,West,IPA,Strong Ale,16,5.9,75
Phat Chance,Wild Onion Brewing Company,IL,Midwest,Pale Ale,Ale,12,5.2,27
Des Moines IPA,Confluence Brewing Company,IA,Midwest,IPA,Strong Ale,16,6.8,75
Capital Gold Golden Lager,Confluence Brewing Company,IA,Midwest,German Lager,Lager,16,4.8,22
Farmer John's Multi-Grain Ale,Confluence Brewing Company,IA,Midwest,Pale Ale,Ale,16,5.6,21
Black IPA,Santa Fe Brewing Company,NM,West,Dark Ale,Dark,12,7.1,95
Topcutter India Pale Ale,Bale Breaker Brewing Company,WA,West,IPA,Strong Ale,12,6.8,70
Field 41 Pale Ale,Bale Breaker Brewing Company,WA,West,Pale Ale,Ale,12,4.4,38
Mac's Scottish Style Amber Ale (2000),MacTarnahans Brewing Company,OR,West,Dark Ale,Dark,12,5.1,32
Wisco Disco,Stillmank Beer Company,WI,Midwest,Dark Ale,Dark,16,5.1,31
Shift (1),New Belgium Brewing Company,CO,West,Lager,Lager,12,5.0,29
Alloy,Tin Man Brewing Company,IN,Midwest,IPA,Strong Ale,16,5.8,36
Twister Creek India Pale Ale,Denali Brewing Company,AK,West,IPA,Strong Ale,12,6.5,71
Dallas Blonde,Deep Ellum Brewing Company,TX,South,Pale Ale,Ale,12,5.2,23
Long Hammer IPA,Redhook Brewery,WA,West,IPA,Strong Ale,16,6.5,44
Deep Ellum IPA,Deep Ellum Brewing Company,TX,South,IPA,Strong Ale,12,7.0,70
Gangway IPA,Red Hare Brewing Company,GA,South,IPA,Strong Ale,12,6.2,55
Fascist Pig Ale,Finch's Beer Company,IL,Midwest,Dark Ale,Dark,16,8.0,72
Booyah Farmhouse Ale,Milwaukee Brewing Company,WI,Midwest,Ale - Other,Ale,16,6.5,20
Great Crescent Oktoberfest Lager,Great Crescent Brewery,IN,Midwest,German Lager,Lager,16,5.7,25
Belgorado,Wynkoop Brewing Company,CO,West,IPA,Strong Ale,12,6.7,45
Sly Fox Christmas Ale 2012 (2012),Sly Fox Brewing Company,PA,Northeast,Dark Ale,Dark,12,5.5,16
Lily Flagg Milk Stout,Straight to Ale,AL,South,Stout / Porter,Dark,12,5.0,30
Deadicated Amber,Devil's Canyon Brewery,CA,West,Dark Ale,Dark,16,5.4,27
The Velvet Fog,Sun King Brewing Company,IN,Midwest,Belgian,Ale,16,9.0,24
Northern Lights Amber Ale,Broken Tooth Brewing Company,AK,West,Dark Ale,Dark,12,5.0,15
Polar Pale Ale,Broken Tooth Brewing Company,AK,West,Pale Ale,Ale,12,5.2,17
Frankenlou's IPA,Seven Brides Brewery,OR,West,IPA,Strong Ale,16,7.0,105
Abominable Winter Ale (2012),Hopworks Urban Brewery,OR,West,Strong Ale,Strong Ale,16,7.3,70
Ex Umbris Rye Imperial Stout,Hess Brewing Company,CA,West,Stout / Porter,Dark,16,9.9,85
Harvest Ale,Fremont Brewing Company,WA,West,Ale - Other,Ale,12,6.5,35
Loki Red Ale (2013),Fearless Brewing Company,OR,West,Dark Ale,Dark,16,7.5,53
Odyssey Imperial IPA,Sly Fox Brewing Company,PA,Northeast,IPA,Strong Ale,12,8.4,90
Wheat the People,Coalition Brewing Company,OR,West,Pale Ale,Ale,16,4.4,13
Dale's Pale Ale (10 Year Anniversary),Oskar Blues Brewery,CO,West,Pale Ale,Ale,12,6.5,65
Payette Pale Ale,Payette Brewing Company,ID,West,Pale Ale,Ale,12,4.8,35
CAPT Black IPA,Ruhstaller Beer Company,CA,West,Dark Ale,Dark,16,7.3,55
1881 California Red Ale,Ruhstaller Beer Company,CA,West,Dark Ale,Dark,16,5.6,35
Hop Abomination,Dry Dock Brewing Company,CO,West,IPA,Strong Ale,12,6.6,100
Apricot Blonde,Dry Dock Brewing Company,CO,West,Sour,Other,12,5.1,17
Dagger Falls IPA,Sockeye Brewing Company,ID,West,IPA,Strong Ale,12,6.3,100
Lawnmower Lager,Caldera Brewing Company,OR,West,Lager,Lager,12,3.9,16
Bitter American,21st Amendment Brewery,CA,West,Pale Ale,Ale,12,4.4,42
Fremont Summer Ale,Fremont Brewing Company,WA,West,Pale Ale,Ale,12,6.5,45
Sun King Oktoberfest,Sun King Brewing Company,IN,Midwest,German Lager,Lager,16,5.5,23
Dry Dock Hefeweizen,Dry Dock Brewing Company,CO,West,German Ale,Ale,12,4.3,12
Dry Dock Amber Ale,Dry Dock Brewing Company,CO,West,Dark Ale,Dark,12,5.8,49
British Pale Ale (2010),7 Seas Brewing Company,WA,West,Pale Ale,Ale,16,5.4,30
Widespread Wit,Great River Brewery,IA,Midwest,Belgian,Ale,16,5.5,10
483 Pale Ale,Great River Brewery,IA,Midwest,Pale Ale,Ale,16,5.3,48
Cane and Ebel,Two Brothers Brewing Company,IL,Midwest,Strong Ale,Strong Ale,12,7.0,68
Universale Pale Ale,Fremont Brewing Company,WA,West,Pale Ale,Ale,12,5.6,30
Interurban IPA,Fremont Brewing Company,WA,West,IPA,Strong Ale,12,6.5,80
Bombshell Blonde,Southern Star Brewing Company,TX,South,Pale Ale,Ale,16,5.0,20
Special Amber,Sprecher Brewing Company,WI,Midwest,Lager,Lager,12,5.0,22
PRO-AM (2012) (2012),Southern Star Brewing Company,TX,South,IPA,Strong Ale,12,9.9,100
On the Wings of Armageddon,DC Brau Brewing Company,DC,South,IPA,Strong Ale,12,9.2,115
Devil’s Ale,SanTan Brewing Company,AZ,West,Pale Ale,Ale,12,5.5,45
Desolation IPA,Amnesia Brewing Company,WA,West,IPA,Strong Ale,16,6.2,43
Firemans #4 Blonde Ale (2015),Real Ale Brewing Company,TX,South,Pale Ale,Ale,12,5.1,21
Dale's Pale Ale (2012),Oskar Blues Brewery,CO,West,Pale Ale,Ale,12,6.5,65
Tonganoxie Honey Wheat,High Noon Saloon And Brewery,KS,Midwest,Pale Ale,Ale,12,4.4,22
Point Nude Beach Summer Wheat,Stevens Point Brewery,WI,Midwest,Pale Ale,Ale,12,5.0,7
Boont Amber Ale (2010),Anderson Valley Brewing Company,CA,West,Dark Ale,Dark,12,5.8,15
Hoopla Pale Ale,Boulder Beer Company,CO,West,Pale Ale,Ale,12,5.7,35
Gordon Imperial Red (2010),Oskar Blues Brewery,CO,West,IPA,Strong Ale,12,8.7,85
Gordon (2005),Oskar Blues Brewery,CO,West,IPA,Strong Ale,12,9.2,85
Ten Fidy Imperial Stout (2008),Oskar Blues Brewery,CO,West,Stout / Porter,Dark,12,9.5,98
Ten Fidy Imperial Stout (2007),Oskar Blues Brewery,CO,West,Stout / Porter,Dark,12,9.9,98
Hell or High Watermelon Wheat (2009),21st Amendment Brewery,CA,West,Sour,Other,12,4.9,17
Hell or High Watermelon Wheat (2009),21st Amendment Brewery,CA,West,Sour,Other,12,4.9,17
21st Amendment Watermelon Wheat Beer (2006),21st Amendment Brewery,CA,West,Sour,Other,12,4.9,17
21st Amendment IPA (2006),21st Amendment Brewery,CA,West,IPA,Strong Ale,12,7.0,70
Brew Free! or Die IPA (2008),21st Amendment Brewery,CA,West,IPA,Strong Ale,12,7.0,70
Brew Free! or Die IPA (2009),21st Amendment Brewery,CA,West,IPA,Strong Ale,12,7.0,70
Ashland Amber Ale (2009),Caldera Brewing Company,OR,West,Dark Ale,Dark,12,5.4,24
Caldera IPA (2009),Caldera Brewing Company,OR,West,IPA,Strong Ale,12,6.1,94
Caldera IPA (2007),Caldera Brewing Company,OR,West,IPA,Strong Ale,12,6.1,94
Caldera Pale Ale (2010),Caldera Brewing Company,OR,West,Pale Ale,Ale,12,5.6,55
Caldera Pale Ale (2009),Caldera Brewing Company,OR,West,Pale Ale,Ale,12,5.6,55
Caldera Pale Ale (2005),Caldera Brewing Company,OR,West,Pale Ale,Ale,12,5.6,55
Caldera Pale Ale (2007),Caldera Brewing Company,OR,West,Pale Ale,Ale,12,5.6,55
Old Chub (2008),Oskar Blues Brewery,CO,West,Strong Ale,Strong Ale,12,8.0,35
Old Chub (2004),Oskar Blues Brewery,CO,West,Strong Ale,Strong Ale,12,8.0,35
Old Chub (2003),Oskar Blues Brewery,CO,West,Strong Ale,Strong Ale,12,8.0,35
Choc Beer (2003),Krebs Brewing Company (Pete's Pl...,OK,South,Dark Ale,Dark,12,4.0,9
Brownstone,Sixpoint Craft Ales,NY,Northeast,Dark Ale,Dark,16,5.9,47
Mr. Pineapple,SanTan Brewing Company,AZ,West,Sour,Other,12,5.0,20
Mutton Buster,Payette Brewing Company,ID,West,Dark Ale,Dark,12,5.5,25
Blueberry Blonde Ale,Matt Brewing Company,NY,Northeast,Pale Ale,Ale,12,5.0,12
Point Nude Beach Summer Wheat (2011),Stevens Point Brewery,WI,Midwest,Pale Ale,Ale,12,5.0,7
Moose Drool Brown Ale (2011),Big Sky Brewing Company,MT,West,Dark Ale,Dark,12,5.1,26
Montana Trout Slayer Ale (2012),Big Sky Brewing Company,MT,West,Pale Ale,Ale,12,5.0,35
Buffalo Sweat,Tallgrass Brewing Company,KS,Midwest,Stout / Porter,Dark,16,5.0,20
American Idiot Ale (2012),SanTan Brewing Company,AZ,West,Pale Ale,Ale,12,5.5,45
Ace IPA,Wingman Brewers,WA,West,IPA,Strong Ale,16,7.4,83
Cold Smoke Scotch Ale (2007),Kettle House Brewing Company,MT,West,Strong Ale,Strong Ale,16,6.5,11
Double Haul IPA (2009),Kettle House Brewing Company,MT,West,IPA,Strong Ale,16,6.5,65
Double Haul IPA (2006),Kettle House Brewing Company,MT,West,IPA,Strong Ale,16,6.5,65
Dale's Pale Ale (2011),Oskar Blues Brewery,CO,West,Pale Ale,Ale,12,6.5,65
Dale's Pale Ale (2010),Oskar Blues Brewery,CO,West,Pale Ale,Ale,12,6.5,65
Summer Solstice Cerveza Crema (2009),Anderson Valley Brewing Company,CA,West,Pale Ale,Ale,12,5.6,4
Hurricane Amber Ale (2004),Coastal Extreme Brewing Company,RI,Northeast,Dark Ale,Dark,12,5.2,24
Burning Bush Smoked IPA,Golden Road Brewing,CA,West,IPA,Strong Ale,16,8.0,70
Wolf Among Weeds IPA (2012),Golden Road Brewing,CA,West,IPA,Strong Ale,16,8.0,70
Fat Tire Amber Ale (2011),New Belgium Brewing Company,CO,West,Dark Ale,Dark,12,5.2,18
Old Grogham Imperial India Pale Ale (2012),Natian Brewery,OR,West,IPA,Strong Ale,16,8.5,86
Dale's Pale Ale (2008),Oskar Blues Brewery,CO,West,Pale Ale,Ale,12,6.5,65
Dale's Pale Ale (2006),Oskar Blues Brewery,CO,West,Pale Ale,Ale,12,6.5,65
Dale's Pale Ale (2004),Oskar Blues Brewery,CO,West,Pale Ale,Ale,12,6.5,65
Dale's Pale Ale (2003),Oskar Blues Brewery,CO,West,Pale Ale,Ale,12,6.5,65
Dale's Pale Ale (2002),Oskar Blues Brewery,CO,West,Pale Ale,Ale,12,6.5,65
Hop Slayer Double IPA (2011),Wild Onion Brewing Company,IL,Midwest,IPA,Strong Ale,12,8.2,100
Indianapolis Indians Lager,Sun King Brewing Company,IN,Midwest,German Lager,Lager,16,5.2,24
Ornery Amber Lager (2003),Tommyknocker Brewery,CO,West,Lager,Lager,12,5.5,33
Gordon Beer (2006),Oskar Blues Brewery,CO,West,IPA,Strong Ale,12,8.7,60
California Sunshine Rye IPA,Devil's Canyon Brewery,CA,West,IPA,Strong Ale,16,7.1,85
Midnight Ryder,Indeed Brewing Company,MN,Midwest,Dark Ale,Dark,12,6.5,80
Day Tripper Pale Ale,Indeed Brewing Company,MN,Midwest,Pale Ale,Ale,12,5.4,45
G'KNIGHT (16 oz.),Oskar Blues Brewery,CO,West,IPA,Strong Ale,16,8.7,85
Hilliard's Blonde,Hilliard's Beer,WA,West,Pale Ale,Ale,16,4.9,20
Over the Rail Pale Ale,Pug Ryan's Brewery,CO,West,Pale Ale,Ale,12,5.7,68
Devils Tramping Ground Tripel,Aviator Brewing Company,NC,South,Belgian,Ale,12,9.2,5
Hot Rod Red,Aviator Brewing Company,NC,South,Dark Ale,Dark,12,6.1,41
Indians Victory Lager (2012),Sun King Brewing Company,IN,Midwest,German Lager,Lager,16,5.2,24
Stimulator Pale Ale,Pateros Creek Brewing Company,CO,West,Pale Ale,Ale,16,5.3,48
Old Town Ale,Pateros Creek Brewing Company,CO,West,German Ale,Ale,16,4.5,22
Car 21,Pateros Creek Brewing Company,CO,West,Sour,Other,16,4.4,28
Flying Jenny Extra Pale Ale (2012),Grey Sail Brewing of Rhode Island,RI,Northeast,Pale Ale,Ale,12,6.0,54
Blue Point White IPA,Blue Point Brewing Company,NY,Northeast,IPA,Strong Ale,12,6.0,40
Sobrehumano Palena'ole,Maui Brewing Company,HI,West,Dark Ale,Dark,12,6.0,24
Lava Lake Wit,Crazy Mountain Brewing Company,CO,West,Belgian,Ale,12,5.2,15
Upslope Belgian Style Pale Ale,Upslope Brewing Company,CO,West,Pale Ale,Ale,12,7.5,30
Summertime Ale,Crystal Springs Brewing Company,CO,West,German Ale,Ale,16,5.2,23
Halcyon Unfiltered Wheat,Tallgrass Brewing Company,KS,Midwest,Pale Ale,Ale,16,5.0,20
Dottie Seattle Lager,Emerald City Beer Company,WA,West,Lager,Lager,16,4.9,25
Hop A Potamus Double Dark Rye Pale Ale,Great River Brewery,IA,Midwest,Other,Other,16,9.0,99
Mucho Aloha Hawaiian Pale Ale,Butcher's Brewing,CA,West,Pale Ale,Ale,12,5.6,36
Blue Point Summer Ale,Blue Point Brewing Company,NY,Northeast,Pale Ale,Ale,12,4.4,16
Rodeo Clown Double IPA,Karbach Brewing Company,TX,South,IPA,Strong Ale,12,9.5,85
Toasted Lager,Blue Point Brewing Company,NY,Northeast,Lager,Lager,12,5.5,28
Elevated IPA,La Cumbre Brewing Company,NM,West,IPA,Strong Ale,16,7.2,100
TailGate IPA,TailGate Beer,CA,West,IPA,Strong Ale,12,5.0,44
Crabtree Oatmeal Stout,Crabtree Brewing Company,CO,West,Stout / Porter,Dark,16,7.5,29
Farmer Brown Ale,Great River Brewery,IA,Midwest,Dark Ale,Dark,16,7.0,22
Hopworks IPA (2012),Hopworks Urban Brewery,OR,West,IPA,Strong Ale,16,6.6,75
Isis,Sun King Brewing Company,IN,Midwest,IPA,Strong Ale,16,9.1,91
Three Kings Ale,Stevens Point Brewery,WI,Midwest,German Ale,Ale,12,4.9,13
Great Crescent Brown Ale,Great Crescent Brewery,IN,Midwest,Dark Ale,Dark,16,4.5,36
Fairweather IPA,Broken Tooth Brewing Company,AK,West,IPA,Strong Ale,12,6.1,64
Full Boar Scotch Ale,Devil's Canyon Brewery,CA,West,Strong Ale,Strong Ale,16,7.4,12
Hoppy Boy,Twisted Pine Brewing Company,CO,West,IPA,Strong Ale,16,6.2,65
Cherry Ale (1),Great Crescent Brewery,IN,Midwest,Sour,Other,16,5.7,18
Monkeynaut IPA,Straight to Ale,AL,South,IPA,Strong Ale,12,7.2,70
Ryeteous Rye IPA (2012),Renegade Brewing Company,CO,West,IPA,Strong Ale,16,7.0,100
Firestarter India Pale Ale,Bonfire Brewing Company,CO,West,IPA,Strong Ale,16,6.6,72
House Brand IPA,Big River Brewing Company,TN,South,IPA,Strong Ale,12,6.0,55
Flagship Ale,Grey Sail Brewing of Rhode Island,RI,Northeast,Pale Ale,Ale,12,4.9,22
Apollo,Sixpoint Craft Ales,NY,Northeast,Pale Ale,Ale,16,5.2,11
Harbinger,Sixpoint Craft Ales,NY,Northeast,Ale - Other,Ale,16,4.9,35
Resin,Sixpoint Craft Ales,NY,Northeast,IPA,Strong Ale,12,9.1,103
Aurora Lager (2011),Great Crescent Brewery,IN,Midwest,German Lager,Lager,16,5.7,27
Zonker Stout,Snake River Brewing Company,WY,West,Stout / Porter,Dark,12,5.4,36
Frosted Fields Winter Wheat,Great Crescent Brewery,IN,Midwest,Dark Ale,Dark,16,6.0,25
834 Happy As Ale,Blue Blood Brewing Company,NE,Midwest,Pale Ale,Ale,12,4.6,35
Rosa Hibiscus Ale,Revolution Brewing Company,IL,Midwest,Other,Other,12,5.8,15
Snake Dog IPA,Flying Dog Brewery,MD,South,IPA,Strong Ale,12,7.1,60
Underdog Atlantic Lager,Flying Dog Brewery,MD,South,Lager,Lager,12,4.7,28
Midwest Charm Farmhouse Ale,Okoboji Brewing Company,IA,Midwest,Ale - Other,Ale,16,6.0,29
Boji Blue Pale Ale,Okoboji Brewing Company,IA,Midwest,Pale Ale,Ale,16,5.0,45
Winter Games Select #32 Stout,Okoboji Brewing Company,IA,Midwest,Stout / Porter,Dark,16,5.7,26
Boji Beach Golden Rye Ale,Okoboji Brewing Company,IA,Midwest,Other,Other,16,5.0,23
This Season's Blonde,Aspen Brewing Company,CO,West,Pale Ale,Ale,12,5.6,27
Independence Pass Ale,Aspen Brewing Company,CO,West,IPA,Strong Ale,12,7.0,67
Longboard Island Lager,Kona Brewing Company,HI,West,Lager,Lager,12,4.6,18
Snowshoe White Ale,Midnight Sun Brewing Company,AK,West,Belgian,Ale,12,4.8,12
Kodiak Brown Ale,Midnight Sun Brewing Company,AK,West,Dark Ale,Dark,12,5.0,24
HGH (Home Grown Hops): Part Duh,Oskar Blues Brewery,CO,West,Strong Ale,Strong Ale,12,8.0,70
Wee Muckle (2011),Sun King Brewing Company,IN,Midwest,Strong Ale,Strong Ale,16,9.0,30
Long Hammer IPA,Redhook Brewery,WA,West,IPA,Strong Ale,12,6.5,44
312 Urban Wheat Ale (2012),Goose Island Brewing Company,IL,Midwest,Pale Ale,Ale,12,4.2,20
Narragansett Cream Ale,Narragansett Brewing Company,RI,Northeast,Pale Ale,Ale,16,5.0,22
Big Sky IPA (2012),Big Sky Brewing Company,MT,West,IPA,Strong Ale,12,6.2,65
Shift,New Belgium Brewing Company,CO,West,Lager,Lager,16,5.0,29
White Thai,Westbrook Brewing Company,SC,South,Belgian,Ale,12,5.0,16
Westbrook IPA,Westbrook Brewing Company,SC,South,IPA,Strong Ale,12,6.8,65
Blackbeary Wheat,Long Trail Brewing Company,VT,Northeast,Sour,Other,12,4.0,8
Long Trail Ale (1),Long Trail Brewing Company,VT,Northeast,German Ale,Ale,12,4.6,30
Barney Flats Oatmeal Stout (2012),Anderson Valley Brewing Company,CA,West,Stout / Porter,Dark,12,5.7,13
Maduro Brown Ale,Cigar City Brewing Company,FL,South,Dark Ale,Dark,12,5.5,25
Tocobaga Red Ale,Cigar City Brewing Company,FL,South,Dark Ale,Dark,12,7.2,75
Churchkey Pilsner Style Beer,Churchkey Can Company,WA,West,Pale Ale,Ale,12,4.9,29
East India Pale Ale,Brooklyn Brewery,NY,Northeast,IPA,Strong Ale,12,6.8,47
Ranger IPA,New Belgium Brewing Company,CO,West,IPA,Strong Ale,16,6.5,70
Fat Tire Amber Ale,New Belgium Brewing Company,CO,West,Dark Ale,Dark,16,5.2,18
Persnickety Pale,Two Beers Brewing Company,WA,West,Pale Ale,Ale,12,5.7,36
Jon Boat Coastal Ale,Intuition Ale Works,FL,South,Pale Ale,Ale,12,4.5,20
I-10 IPA,Intuition Ale Works,FL,South,IPA,Strong Ale,12,6.8,55
Eclipse Black IPA,Crabtree Brewing Company,CO,West,Dark Ale,Dark,16,7.7,71
Le Mort Vivant (2011),Southern Star Brewing Company,TX,South,Ale - Other,Ale,12,6.9,23
People's Pale Ale,Intuition Ale Works,FL,South,Pale Ale,Ale,12,5.3,28
Rocket Girl,Asheville Brewing Company,NC,South,German Ale,Ale,12,3.2,27
Point the Way IPA (2012),Golden Road Brewing,CA,West,IPA,Strong Ale,16,5.9,60
Golden Road Hefeweizen (2012),Golden Road Brewing,CA,West,German Ale,Ale,16,4.6,15
La Perouse White,Maui Brewing Company,HI,West,Belgian,Ale,12,5.0,12
Jai Alai IPA,Cigar City Brewing Company,FL,South,IPA,Strong Ale,12,7.5,70
Florida Cracker Belgian Wit,Cigar City Brewing Company,FL,South,Belgian,Ale,12,5.0,18
Old Elephant Foot IPA,Tampa Bay Brewing Company,FL,South,IPA,Strong Ale,16,7.0,80
Big Cock IPA,Great River Brewery,IA,Midwest,IPA,Strong Ale,16,7.0,70
Oktoberfest,Great River Brewery,IA,Midwest,German Lager,Lager,16,5.9,25
Dirty Blonde Ale,Atwater Brewery,MI,Midwest,Pale Ale,Ale,12,4.5,8
Amber Road,Baxter Brewing Company,ME,Northeast,Dark Ale,Dark,12,5.5,35
Grapefruit Jungle (GFJ) (2011),Sun King Brewing Company,IN,Midwest,IPA,Strong Ale,16,7.5,77
Special Edition: Allies Win The War!,21st Amendment Brewery,CA,West,Strong Ale,Strong Ale,12,8.5,52
Tin Roof Blonde Ale,Tin Roof Brewing Company,LA,South,Pale Ale,Ale,12,4.5,18
Grand Circus IPA,Atwater Brewery,MI,Midwest,IPA,Strong Ale,12,5.0,62
Atwater's Lager,Atwater Brewery,MI,Midwest,German Lager,Lager,12,5.0,12
Sun King Oktoberfest (2011),Sun King Brewing Company,IN,Midwest,German Lager,Lager,16,5.5,23
Diesel,Sixpoint Craft Ales,NY,Northeast,Stout / Porter,Dark,16,6.3,69
Winter Solstice,Anderson Valley Brewing Company,CA,West,Dark Ale,Dark,12,6.9,6
SoDo Brown Ale,Two Beers Brewing Company,WA,West,Dark Ale,Dark,12,5.4,20
Immersion Amber Ale (2011),Two Beers Brewing Company,WA,West,Dark Ale,Dark,12,5.2,27
40th Annual Bix Street Fest Copper Ale (Current),Great River Brewery,IA,Midwest,Dark Ale,Dark,16,4.8,25
Jockamo IPA,Abita Brewing Company,LA,South,IPA,Strong Ale,12,6.5,52
Purple Haze,Abita Brewing Company,LA,South,Sour,Other,12,4.2,13
Abita Amber,Abita Brewing Company,LA,South,Lager,Lager,12,4.5,17
Bomb Lager (Old Recipe),Bomb Beer Company,NY,Northeast,German Lager,Lager,12,4.5,27
Autumnation (2011-12) (2011),Sixpoint Craft Ales,NY,Northeast,Ale - Other,Ale,16,6.0,48
Evolutionary IPA (2011),Two Beers Brewing Company,WA,West,IPA,Strong Ale,12,6.2,70
Alteration,Hops & Grain Brewery,TX,South,German Ale,Ale,12,5.1,40
Pale Dog,Hops & Grain Brewery,TX,South,Pale Ale,Ale,12,6.0,50
Alphadelic IPA (2011),Hop Valley Brewing Company,OR,West,IPA,Strong Ale,12,6.5,90
Double D Blonde (2011),Hop Valley Brewing Company,OR,West,Pale Ale,Ale,12,4.9,20
Hilliard's Amber Ale,Hilliard's Beer,WA,West,Dark Ale,Dark,16,5.5,60
Hilliard's Saison,Hilliard's Beer,WA,West,Ale - Other,Ale,16,6.6,30
Voodoo Bengal Pale Ale,Tin Roof Brewing Company,LA,South,Pale Ale,Ale,12,5.5,37
Perfect Tin Amber,Tin Roof Brewing Company,LA,South,Dark Ale,Dark,12,4.5,28
Trailhead India Style Session Ale (2011),Two Beers Brewing Company,WA,West,IPA,Strong Ale,12,4.8,48
Great Crescent Belgian Style Wit,Great Crescent Brewery,IN,Midwest,Belgian,Ale,16,5.1,13
Fox Tail Gluten Free Ale,Joseph James Brewing Company,NV,West,Pale Ale,Ale,12,5.0,50
Hop Box Imperial IPA,Joseph James Brewing Company,NV,West,IPA,Strong Ale,12,9.3,90
Joseph James American Lager,Joseph James Brewing Company,NV,West,Lager,Lager,12,5.2,15
Top Rope Mexican-style Craft Lager,Upslope Brewing Company,CO,West,Lager,Lager,12,4.8,15
Sympathy for the Lager,Karbach Brewing Company,TX,South,Lager,Lager,12,4.9,45
Weisse Versa,Karbach Brewing Company,TX,South,German Ale,Ale,12,5.2,15
Hopadillo India Pale Ale,Karbach Brewing Company,TX,South,IPA,Strong Ale,12,6.6,70
Dundee Summer Wheat Beer,Dundee Brewing Company,NY,Northeast,Pale Ale,Ale,12,4.5,18
Point Oktoberfest,Stevens Point Brewery,WI,Midwest,German Lager,Lager,12,5.7,15
Bourbon's Barrel Stout,Great Crescent Brewery,IN,Midwest,Stout / Porter,Dark,16,7.5,65
Special Amber,Sprecher Brewing Company,WI,Midwest,Lager,Lager,12,5.0,22
Upslope Craft Lager,Upslope Brewing Company,CO,West,Lager,Lager,12,4.8,22
Great Crescent Stout,Great Crescent Brewery,IN,Midwest,Stout / Porter,Dark,16,8.0,66
Great Crescent Dark Lager,Great Crescent Brewery,IN,Midwest,Lager,Lager,16,5.7,23
Great Crescent Mild Ale,Great Crescent Brewery,IN,Midwest,Dark Ale,Dark,16,4.2,26
Great Crescent IPA (2011),Great Crescent Brewery,IN,Midwest,IPA,Strong Ale,16,6.2,60
Flyin' HI.P.Hay,Maui Brewing Company,HI,West,IPA,Strong Ale,12,6.8,68
Sockeye Red IPA,Midnight Sun Brewing Company,AK,West,IPA,Strong Ale,12,5.7,70
Greenville Pale Ale,Twin Lakes Brewing Company,DE,South,Pale Ale,Ale,12,5.5,52
Hop Crisis,21st Amendment Brewery,CA,West,IPA,Strong Ale,12,9.7,94
Colorado Native (2011),AC Golden Brewing Company,CO,West,Lager,Lager,12,5.5,26
Hop Slayer Double IPA (2011),Wild Onion Brewing Company,IL,Midwest,IPA,Strong Ale,12,8.2,100
Shiva IPA,Asheville Brewing Company,NC,South,IPA,Strong Ale,12,6.0,69
Torpedo,Sierra Nevada Brewing Company,CA,West,IPA,Strong Ale,16,7.2,65
The Crisp (2011),Sixpoint Craft Ales,NY,Northeast,German Lager,Lager,16,5.4,42
Sweet Action (2011),Sixpoint Craft Ales,NY,Northeast,Pale Ale,Ale,16,5.2,34
Righteous Ale (2011),Sixpoint Craft Ales,NY,Northeast,Other,Other,16,6.3,57
Bengali Tiger (2011),Sixpoint Craft Ales,NY,Northeast,IPA,Strong Ale,16,6.4,62
Mustang Golden Ale,Mustang Brewing Company,OK,South,Pale Ale,Ale,12,5.3,10
Washita Wheat,Mustang Brewing Company,OK,South,Pale Ale,Ale,12,5.3,14
Fistmas Ale,Revolution Brewing Company,IL,Midwest,Other,Other,12,6.1,31
Oktoberfest Revolution,Revolution Brewing Company,IL,Midwest,German Lager,Lager,12,5.7,25
Anti-Hero IPA,Revolution Brewing Company,IL,Midwest,IPA,Strong Ale,12,6.5,70
Bottom Up Belgian Wit,Revolution Brewing Company,IL,Midwest,Belgian,Ale,12,5.0,14
Sky High Rye,Arcadia Brewing Company,MI,Midwest,Pale Ale,Ale,12,6.0,55
Halcyon Unfiltered Wheat,Tallgrass Brewing Company,KS,Midwest,Pale Ale,Ale,12,5.0,20
OB-1 Organic Ale,Snake River Brewing Company,WY,West,Dark Ale,Dark,12,5.0,22
Snake River Lager,Snake River Brewing Company,WY,West,Lager,Lager,12,5.0,18
Narragansett Summer Ale,Narragansett Brewing Company,RI,Northeast,Pale Ale,Ale,16,4.2,24
Snake River Pale Ale,Snake River Brewing Company,WY,West,Pale Ale,Ale,12,5.2,32
Sierra Nevada Pale Ale,Sierra Nevada Brewing Company,CA,West,Pale Ale,Ale,12,5.6,37
Pyramid Hefeweizen (2011),Pyramid Breweries,WA,West,German Ale,Ale,12,5.2,18
Wild Onion Summer Wit,Wild Onion Brewing Company,IL,Midwest,Belgian,Ale,12,4.2,13
SummerBright Ale,Breckenridge Brewery,CO,West,Pale Ale,Ale,12,4.5,15
Crank Yanker IPA (2011),Eddyline Brewery & Restaurant,CO,West,IPA,Strong Ale,16,7.8,74
Johan the Barleywine,Sun King Brewing Company,IN,Midwest,Strong Ale,Strong Ale,16,9.9,60
Pako’s EyePA,Snake River Brewing Company,WY,West,IPA,Strong Ale,12,6.8,60
Rumspringa Golden Bock,Lancaster Brewing Company,PA,Northeast,German Lager,Lager,12,6.6,30
One Hit Wonder,Oskar Blues Brewery,CO,West,IPA,Strong Ale,12,9.0,60
Whitsun,Arcadia Brewing Company,MI,Midwest,Pale Ale,Ale,12,6.2,17
Great Crescent Blonde Ale (2011),Great Crescent Brewery,IN,Midwest,Pale Ale,Ale,16,5.3,22
G'KNIGHT (12 oz.),Oskar Blues Brewery,CO,West,IPA,Strong Ale,12,8.7,85
Mexican Logger,Ska Brewing Company,CO,West,Lager,Lager,12,4.2,18
Black Adder IBA (Current),Buckbean Brewing Company,NV,West,Dark Ale,Dark,16,7.3,85
Common Sense Kentucky Common Ale,Upstate Brewing Company,NY,Northeast,Dark Ale,Dark,16,5.3,22
Upstate I.P.W.,Upstate Brewing Company,NY,Northeast,IPA,Strong Ale,12,6.5,70
Heady Topper,The Alchemist,VT,Northeast,IPA,Strong Ale,16,8.0,120
Redband Stout,Great River Brewery,IA,Midwest,Stout / Porter,Dark,16,6.0,36
Festie,Starr Hill Brewery,VA,South,German Lager,Lager,12,4.8,12
Northern Lights India Pale Ale,Starr Hill Brewery,VA,South,IPA,Strong Ale,12,6.5,52
Hop Ottin' IPA (2011),Anderson Valley Brewing Company,CA,West,IPA,Strong Ale,12,7.0,80
Jack Stout,Wild Onion Brewing Company,IL,Midwest,Stout / Porter,Dark,12,6.0,23
Blacktop Blonde,TailGate Beer,CA,West,Pale Ale,Ale,12,5.0,19
TailGate Hefeweizen,TailGate Beer,CA,West,German Ale,Ale,12,4.9,28
#9,Magic Hat Brewing Company,VT,Northeast,Sour,Other,12,5.1,20
Hop Knot IPA,Four Peaks Brewing Company,AZ,West,IPA,Strong Ale,12,6.7,47
2012 Black Ale,Stevens Point Brewery,WI,Midwest,Dark Ale,Dark,12,5.4,32
Crazy Mountain Amber Ale,Crazy Mountain Brewing Company,CO,West,Dark Ale,Dark,12,5.2,25
Bitter American (2011),21st Amendment Brewery,CA,West,Pale Ale,Ale,12,4.4,42
Copper Hook (2011),Redhook Brewery,WA,West,Dark Ale,Dark,12,5.8,27
WET,Surly Brewing Company,MN,Midwest,IPA,Strong Ale,16,7.5,90
Fireside Chat (2010),21st Amendment Brewery,CA,West,Dark Ale,Dark,12,7.9,45
Gandhi-Bot Double IPA (12 oz.),New England Brewing Company,CT,Northeast,IPA,Strong Ale,12,8.8,85
Vortex IPA,Fort George Brewery,OR,West,IPA,Strong Ale,16,7.4,97
Hop Shock IPA (2010),SanTan Brewing Company,AZ,West,IPA,Strong Ale,12,7.0,85
Narragansett Bock,Narragansett Brewing Company,RI,Northeast,German Lager,Lager,16,6.5,32
Narragansett Fest Lager,Narragansett Brewing Company,RI,Northeast,German Lager,Lager,16,5.5,15
Mana Wheat,Maui Brewing Company,HI,West,Pale Ale,Ale,12,5.5,15
Snake Handler Double IPA,Good People Brewing Company,AL,South,IPA,Strong Ale,12,9.3,103
Coffee Oatmeal Stout,Good People Brewing Company,AL,South,Stout / Porter,Dark,12,6.0,54
Good People IPA,Good People Brewing Company,AL,South,IPA,Strong Ale,12,6.0,64
Good People American Brown Ale,Good People Brewing Company,AL,South,Dark Ale,Dark,12,5.8,36
SanTan HefeWeizen (2010),SanTan Brewing Company,AZ,West,German Ale,Ale,12,5.0,15
Devil’s Ale (2010),SanTan Brewing Company,AZ,West,Pale Ale,Ale,12,5.5,45
Wee Mac Scottish-Style Ale,Sun King Brewing Company,IN,Midwest,Strong Ale,Strong Ale,16,5.4,23
Lancaster German Style Kölsch,Lancaster Brewing Company,PA,Northeast,German Ale,Ale,12,4.8,28
Lucky U IPA,Breckenridge Brewery,CO,West,IPA,Strong Ale,12,6.2,68
483 Pale Ale (2010),Great River Brewery,IA,Midwest,Pale Ale,Ale,16,5.3,48
The Corruption,DC Brau Brewing Company,DC,South,IPA,Strong Ale,12,6.5,80
Pamola Xtra Pale Ale,Baxter Brewing Company,ME,Northeast,Pale Ale,Ale,12,4.9,28
Stowaway IPA,Baxter Brewing Company,ME,Northeast,IPA,Strong Ale,12,6.9,69
Kilt Lifter Scottish-Style Ale (2009),Four Peaks Brewing Company,AZ,West,Strong Ale,Strong Ale,12,6.0,21
Back in Black,21st Amendment Brewery,CA,West,Dark Ale,Dark,12,6.8,65
Flaming Damsel Lager (2010),Milwaukee Brewing Company,WI,Midwest,Lager,Lager,16,4.8,18
Louie’s Demise Immort-Ale (2010),Milwaukee Brewing Company,WI,Midwest,Dark Ale,Dark,16,5.1,24
Native Amber (2013),COOP Ale Works,OK,South,Dark Ale,Dark,16,6.3,35
Horny Toad Cerveza (2013),COOP Ale Works,OK,South,Pale Ale,Ale,16,5.3,25
Oktoberfest Lager,Sly Fox Brewing Company,PA,Northeast,German Lager,Lager,12,5.8,25
Black Star Double Hopped Golden Lager (12 oz.),Great Northern Brewing Company,MT,West,Lager,Lager,12,4.5,15
Paddy Pale Ale,Wild Onion Brewing Company,IL,Midwest,Pale Ale,Ale,12,5.6,41
Scape Goat Pale Ale (2010),Big Sky Brewing Company,MT,West,Pale Ale,Ale,12,5.0,40
Avery Joe’s Premium American Pilsner,Avery Brewing Company,CO,West,German Lager,Lager,12,4.7,42
Silverback Pale Ale,Wynkoop Brewing Company,CO,West,Pale Ale,Ale,12,5.5,40
Point Nude Beach Summer Wheat (2010),Stevens Point Brewery,WI,Midwest,Pale Ale,Ale,12,5.0,7
Point Cascade Pale Ale,Stevens Point Brewery,WI,Midwest,Pale Ale,Ale,12,5.4,33
Point Amber Classic,Stevens Point Brewery,WI,Midwest,Lager,Lager,12,4.7,14
Point Special Lager,Stevens Point Brewery,WI,Midwest,Lager,Lager,12,4.7,9
Morning Wood Wheat (Current),Pug Ryan's Brewery,CO,West,Pale Ale,Ale,12,5.9,14
Epicenter Amber Ale (2010),SanTan Brewing Company,AZ,West,Dark Ale,Dark,12,5.5,20
Hurricane Amber Ale,Coastal Extreme Brewing Company,RI,Northeast,Dark Ale,Dark,12,5.2,24
Full Nelson Pale Ale (2010),Blue Mountain Brewery,VA,South,Pale Ale,Ale,12,5.9,60
Ranger IPA (Current),New Belgium Brewing Company,CO,West,IPA,Strong Ale,12,6.5,70
White Rascal,Avery Brewing Company,CO,West,Belgian,Ale,12,5.6,10
Avery India Pale Ale,Avery Brewing Company,CO,West,IPA,Strong Ale,12,6.3,69
Ellie’s Brown Ale,Avery Brewing Company,CO,West,Dark Ale,Dark,12,5.5,17
Köld Lager (2010),Tallgrass Brewing Company,KS,Midwest,German Lager,Lager,16,5.0,16
Oasis (2010),Tallgrass Brewing Company,KS,Midwest,IPA,Strong Ale,16,7.2,93
Tallgrass Ale,Tallgrass Brewing Company,KS,Midwest,Dark Ale,Dark,16,4.4,22
Buffalo Sweat (2010),Tallgrass Brewing Company,KS,Midwest,Stout / Porter,Dark,16,5.0,20
Tallgrass IPA,Tallgrass Brewing Company,KS,Midwest,IPA,Strong Ale,16,6.3,60
Colorado Kölsch,Steamworks Brewing Company,CO,West,German Ale,Ale,12,4.9,17
Steam Engine Lager,Steamworks Brewing Company,CO,West,Lager,Lager,12,5.7,25
Third Eye Pale Ale,Steamworks Brewing Company,CO,West,IPA,Strong Ale,12,6.5,65
Eddy Out Pale Ale,Kettle House Brewing Company,MT,West,Pale Ale,Ale,16,5.5,50
Double Haul IPA,Kettle House Brewing Company,MT,West,IPA,Strong Ale,16,6.5,65
Cold Smoke Scotch Ale,Kettle House Brewing Company,MT,West,Strong Ale,Strong Ale,16,6.5,11
Avalanche Ale,Breckenridge Brewery,CO,West,Dark Ale,Dark,12,5.4,19
Haywire Hefeweizen (2010),Pyramid Breweries,WA,West,German Ale,Ale,16,5.2,18
Hazed & Infused (2010),Boulder Beer Company,CO,West,Pale Ale,Ale,12,4.9,35
Boont Amber Ale (2011),Anderson Valley Brewing Company,CA,West,Dark Ale,Dark,12,5.8,15
Summer Solstice (2011),Anderson Valley Brewing Company,CA,West,Pale Ale,Ale,12,5.6,4
Poleeko Gold Pale Ale (2009),Anderson Valley Brewing Company,CA,West,Pale Ale,Ale,12,5.5,28
Fat Tire Amber Ale (2008),New Belgium Brewing Company,CO,West,Dark Ale,Dark,12,5.2,18
Modus Hoperandi,Ska Brewing Company,CO,West,IPA,Strong Ale,12,6.8,65
Sunlight Cream Ale,Sun King Brewing Company,IN,Midwest,Pale Ale,Ale,16,5.3,20
Osiris Pale Ale (2010),Sun King Brewing Company,IN,Midwest,Pale Ale,Ale,16,5.6,50
British Pale Ale,7 Seas Brewing Company,WA,West,Pale Ale,Ale,16,5.4,30
Ballz Deep Double IPA,7 Seas Brewing Company,WA,West,IPA,Strong Ale,16,8.4,82
Buried Hatchet Stout,Southern Star Brewing Company,TX,South,Stout / Porter,Dark,12,8.3,50
Pine Belt Pale Ale,Southern Star Brewing Company,TX,South,Pale Ale,Ale,16,6.5,45
Bombshell Blonde,Southern Star Brewing Company,TX,South,Pale Ale,Ale,12,5.0,20
Gandhi-Bot Double IPA (16 oz.) (2010),New England Brewing Company,CT,Northeast,IPA,Strong Ale,16,8.8,85
Caldera Pale Ale (2011),Caldera Brewing Company,OR,West,Pale Ale,Ale,12,5.6,55
Ashland Amber Ale,Caldera Brewing Company,OR,West,Dark Ale,Dark,12,5.4,24
Caldera IPA,Caldera Brewing Company,OR,West,IPA,Strong Ale,12,6.1,94
Montana Trout Slayer Ale (2009),Big Sky Brewing Company,MT,West,Pale Ale,Ale,12,5.0,35
Moose Drool Brown Ale (2009),Big Sky Brewing Company,MT,West,Dark Ale,Dark,12,5.1,26
Bikini Blonde Lager,Maui Brewing Company,HI,West,German Lager,Lager,12,4.5,18
Big Swell IPA,Maui Brewing Company,HI,West,IPA,Strong Ale,12,6.2,65
Tule Duck Red Ale (Current),Buckbean Brewing Company,NV,West,Dark Ale,Dark,16,6.2,42
Original Orange Blossom Ale (Current),Buckbean Brewing Company,NV,West,Other,Other,16,5.8,35
Black Noddy Lager (Current),Buckbean Brewing Company,NV,West,German Lager,Lager,16,5.2,40
113 IPA,Sly Fox Brewing Company,PA,Northeast,IPA,Strong Ale,12,7.0,113
Dunkel Lager,Sly Fox Brewing Company,PA,Northeast,German Lager,Lager,12,5.3,21
Royal Weisse Ale,Sly Fox Brewing Company,PA,Northeast,German Ale,Ale,12,5.6,11
Pikeland Pils,Sly Fox Brewing Company,PA,Northeast,German Lager,Lager,12,4.9,44
Phoenix Pale Ale,Sly Fox Brewing Company,PA,Northeast,Pale Ale,Ale,12,5.1,40
Bitter Brewer,Surly Brewing Company,MN,Midwest,Sour,Other,16,4.0,37
SurlyFest,Surly Brewing Company,MN,Midwest,Other,Other,16,5.5,34
Coffee Bender,Surly Brewing Company,MN,Midwest,Dark Ale,Dark,16,5.1,45
Bender,Surly Brewing Company,MN,Midwest,Dark Ale,Dark,16,5.1,45
Abrasive Ale,Surly Brewing Company,MN,Midwest,IPA,Strong Ale,16,9.7,120
Hell,Surly Brewing Company,MN,Midwest,German Lager,Lager,16,5.1,20
CynicAle,Surly Brewing Company,MN,Midwest,Ale - Other,Ale,16,6.7,33
Furious,Surly Brewing Company,MN,Midwest,IPA,Strong Ale,16,6.2,99
Monk's Blood,21st Amendment Brewery,CA,West,Belgian,Ale,12,8.3,35
Brew Free! or Die IPA,21st Amendment Brewery,CA,West,IPA,Strong Ale,12,7.0,65
Hell or High Watermelon Wheat,21st Amendment Brewery,CA,West,Sour,Other,12,4.9,17
Ten Fidy Imperial Stout,Oskar Blues Brewery,CO,West,Stout / Porter,Dark,12,9.9,98
GUBNA Imperial IPA,Oskar Blues Brewery,CO,West,IPA,Strong Ale,12,9.9,100
Old Chub,Oskar Blues Brewery,CO,West,Strong Ale,Strong Ale,12,8.0,35
Gordon Ale (2009),Oskar Blues Brewery,CO,West,IPA,Strong Ale,12,8.7,85
Dale's Pale Ale,Oskar Blues Brewery,CO,West,Pale Ale,Ale,12,6.5,65
