Beer,Brewery,State,Region,Style_RAW,Style_12,Style_05,Size,ABV,IBU
Get Together,NorthGate Brewing,MN,Midwest,American IPA,IPA,Strong Ale,16,4.5,50
Pumpion,NorthGate Brewing,MN,Midwest,Pumpkin Ale,Ale - Other,Ale,16,6.0,38
London Balling,Against the Grain Brewery,KY,South,English Barleywine,Strong Ale,Strong Ale,16,12.5,80
A Beer,Against the Grain Brewery,KY,South,American Pale Ale APA,Pale Ale,Ale,16,4.2,42
Flesh Gourdn,Against the Grain Brewery,KY,South,Pumpkin Ale,Ale - Other,Ale,16,6.6,21
Shonuff,Against the Grain Brewery,KY,South,Belgian Pale Ale,Pale Ale,Ale,16,4.0,13
Bloody Show,Against the Grain Brewery,KY,South,American Pilsner,Pale Ale,Ale,16,5.5,17
Pile of Face,Against the Grain Brewery,KY,South,American IPA,IPA,Strong Ale,16,6.0,65
Solis,Mike Hess Brewing Company,CA,West,American IPA,IPA,Strong Ale,16,7.5,85
Jucundus,Mike Hess Brewing Company,CA,West,Wheat Ale,Pale Ale,Ale,16,6.0,24
Grazias,Mike Hess Brewing Company,CA,West,Cream Ale,Pale Ale,Ale,16,6.3,30
Claritas,Mike Hess Brewing Company,CA,West,Klsch,German Ale,Ale,16,5.8,28
Park,Fort Point Beer Company,CA,West,American Pale Wheat Ale,Pale Ale,Ale,12,4.7,19
KSA,Fort Point Beer Company,CA,West,Klsch,German Ale,Ale,12,4.6,17
Villager,Fort Point Beer Company,CA,West,American IPA,IPA,Strong Ale,12,6.3,42
Nordskye,Blackrocks Brewery,MI,Midwest,American IPA,IPA,Strong Ale,12,4.8,47
Gold,Perrin Brewing Company,MI,Midwest,American Blonde Ale,Pale Ale,Ale,12,4.8,15
98 Problems Cuz A Hop Aint One,Perrin Brewing Company,MI,Midwest,American IPA,IPA,Strong Ale,12,6.5,65
Veterans Pale Ale VPA,Perrin Brewing Company,MI,Midwest,American Pale Ale APA,Pale Ale,Ale,12,5.0,40
Grapefruit IPA,Perrin Brewing Company,MI,Midwest,American IPA,IPA,Strong Ale,12,5.0,35
Train Hopper,Witchs Hat Brewing Company,MI,Midwest,American IPA,IPA,Strong Ale,12,5.8,72
Thaipa,Bare Hands Brewery,IN,Midwest,American IPA,IPA,Strong Ale,16,7.0,46
Citra Faced,Three Pints Brewing,IN,Midwest,American Pale Wheat Ale,Pale Ale,Ale,16,5.5,64
Pale,Three Pints Brewing,IN,Midwest,American Pale Ale APA,Pale Ale,Ale,16,5.4,37
The Gadget,Four Fathers Brewing,IN,Midwest,American IPA,IPA,Strong Ale,16,6.4,90
Tribute,Indiana City Brewing,IN,Midwest,American Pale Ale APA,Pale Ale,Ale,12,5.8,58
Tip Off,Sun King Brewing Company,IN,Midwest,Altbier,German Ale,Ale,16,5.2,29
Blonde Czich,Evil Czech Brewery,IN,Midwest,American Blonde Ale,Pale Ale,Ale,16,4.9,23
Citrafest,450 North Brewing Company,IN,Midwest,American IPA,IPA,Strong Ale,16,5.0,45
Deduction,Taxman Brewing Company,IN,Midwest,Dubbel,Belgian,Ale,12,8.0,22
Surfrider,The Dudes Brewing Company,CA,West,American Pale Ale APA,Pale Ale,Ale,16,5.2,35
Galaxy IPA,Big Muddy Brewing,IL,Midwest,American IPA,IPA,Strong Ale,16,7.5,60
Jah Mon,Rivertowne Brewing Company,PA,Northeast,American IPA,IPA,Strong Ale,12,5.0,100
Fist City,Revolution Brewing Company,IL,Midwest,American Pale Ale APA,Pale Ale,Ale,12,5.5,40
Wooden Rooster,Tallgrass Brewing Company,KS,Midwest,Tripel,Belgian,Ale,16,8.5,34
Easy Jack,Firestone Walker Brewing Company,CA,West,American IPA,IPA,Strong Ale,12,4.5,47
Flying Mouse 4,Flying Mouse Brewery,VA,South,American IPA,IPA,Strong Ale,12,7.0,70
Moar,Bent Brewstillery,MN,Midwest,English India Pale Ale IPA,IPA,Strong Ale,12,4.4,44
Nordic Blonde,Bent Brewstillery,MN,Midwest,American Blonde Ale,Pale Ale,Ale,12,5.7,27
Mazzie,Pollyanna Brewing Company,IL,Midwest,American Pale Ale APA,Pale Ale,Ale,12,5.4,45
Weissenheimer,Destihl Brewery,IL,Midwest,Hefeweizen,German Ale,Ale,12,5.2,16
Citra Ass Down,Against The Grain Brewery,KY,South,American IPA,IPA,Strong Ale,16,8.2,68
Neomexicanus Native,Crazy Mountain Brewing Company,CO,West,American Pale Ale APA,Pale Ale,Ale,12,6.0,46
Rye Wit,Freetail Brewing Company,TX,South,Witbier,Belgian,Ale,12,4.2,10
Soul Doubt,Freetail Brewing Company,TX,South,American IPA,IPA,Strong Ale,12,5.9,70
Bimini Twist,3 Daughters Brewing,FL,South,American IPA,IPA,Strong Ale,12,7.0,82
Farmers Daughter Blonde,Red Shedman Farm Brewery and Hop,MD,South,American Blonde Ale,Pale Ale,Ale,16,5.1,17
Pump House IPA,Red Shedman Farm Brewery and Hop,MD,South,American IPA,IPA,Strong Ale,16,5.5,45
Long Leaf,Appalachian Mountain Brewery,NC,South,American IPA,IPA,Strong Ale,16,7.1,75
Honey Badger Blonde,Appalachian Mountain Brewery,NC,South,American Blonde Ale,Pale Ale,Ale,16,4.7,19
Jalapeno Pale Ale,Birdsong Brewing Company,NC,South,American Pale Ale APA,Pale Ale,Ale,16,5.5,45
Abbeys Single 2015,Destihl Brewery,IL,Midwest,Abbey Single Ale,Belgian,Ale,12,4.9,22
Wobble,Two Brothers Brewing Company,IL,Midwest,American IPA,IPA,Strong Ale,16,6.3,69
Baby Daddy Session IPA,Speakasy Ales  Lagers,CA,West,American IPA,IPA,Strong Ale,12,4.7,35
Pale Alement,Burn Em Brewing,IN,Midwest,American Pale Ale APA,Pale Ale,Ale,12,5.5,40
Slow Ride,New Belgium Brewing Company,CO,West,American IPA,IPA,Strong Ale,12,4.5,40
Hopvale Organic Ale,Summit Brewing Company,MN,Midwest,American Pale Ale APA,Pale Ale,Ale,16,4.7,55
Union Jack,Firestone Walker Brewing Company,CA,West,American IPA,IPA,Strong Ale,12,7.5,75
Chupahopra,Twisted X Brewing Company,TX,South,American IPA,IPA,Strong Ale,12,7.5,63
312 Urban Pale Ale,Goose Island Brewing Company,IL,Midwest,American Pale Ale APA,Pale Ale,Ale,16,5.4,30
Pure Fury,Rhinegeist Brewery,OH,Midwest,American Pale Ale APA,Pale Ale,Ale,12,5.5,42
Self Starter,Warped Wing Brewing Company,OH,Midwest,American IPA,IPA,Strong Ale,16,5.2,67
Rhode Island Blueberry,Coastal Extreme Brewing Company,RI,Northeast,Klsch,German Ale,Ale,12,4.6,11
Newport Storm IPA,Coastal Extreme Brewing Company,RI,Northeast,American IPA,IPA,Strong Ale,12,6.5,75
Peach Pale Ale,Lone Tree Brewing Company,CO,West,American Pale Ale APA,Pale Ale,Ale,12,5.7,40
White Reaper,Evil Czech Brewery,IN,Midwest,Belgian IPA,IPA,Strong Ale,16,7.0,61
Suncaster Summer Wheat,Four String Brewing Company,OH,Midwest,American Pale Wheat Ale,Pale Ale,Ale,12,5.0,28
Clean Shave IPA,Glabrous Brewing Company,ME,Northeast,American IPA,IPA,Strong Ale,12,6.7,70
Brass Knuckle Pale Ale,Four String Brewing Company,OH,Midwest,American Pale Ale APA,Pale Ale,Ale,12,5.7,36
Big Star White IPA,Four String Brewing Company,OH,Midwest,American White IPA,IPA,Strong Ale,12,7.0,70
Firestarter India Pale Ale,Bonfire Brewing Company,CO,West,American IPA,IPA,Strong Ale,12,6.6,72
4000 Footer IPA,Woodstock Inn Station  Brewery,NH,Northeast,American IPA,IPA,Strong Ale,12,6.5,82
Consilium,Renegade Brewing Company,CO,West,American Pale Ale APA,Pale Ale,Ale,12,5.0,40
Cali Creamin,Mother Earth Brew Company,CA,West,Cream Ale,Pale Ale,Ale,12,5.2,21
Deception,Black Market Brewing Company,CA,West,American Blonde Ale,Pale Ale,Ale,12,4.5,16
Harness the Winter,Bent Paddle Brewing Company,MN,Midwest,American IPA,IPA,Strong Ale,12,7.2,87
Rule G IPA,Smartmouth Brewing Company,VA,South,American IPA,IPA,Strong Ale,12,7.0,88
Hop in the Pool Helles,Base Camp Brewing Co,OR,West,American Pilsner,Pale Ale,Ale,12,4.9,22
PTown Pilsner,Alameda Brewing,OR,West,American Pilsner,Pale Ale,Ale,12,4.0,20
Klickitat Pale Ale,Alameda Brewing,OR,West,American Pale Ale APA,Pale Ale,Ale,12,5.3,36
Nonstop Hef Hop,Hopworks Urban Brewery,OR,West,American Pale Wheat Ale,Pale Ale,Ale,16,3.9,20
Pine Belt Pale Ale,Southern Star Brewing Company,TX,South,American Pale Ale APA,Pale Ale,Ale,12,6.5,45
Third Eye Enlightened Pale Ale,Steamworks Brewing Company,CO,West,American Pale Ale APA,Pale Ale,Ale,12,6.5,65
Laka Laka Pineapple,Horny Goat Brew Pub,WI,Midwest,Hefeweizen,German Ale,Ale,12,5.1,17
IPA 11,Cheboygan Brewing Company,MI,Midwest,American IPA,IPA,Strong Ale,16,5.7,58
Main St Virginia Ale,Center of the Universe Brewing C,VA,South,Altbier,German Ale,Ale,12,5.0,40
Mr Blue Sky,Griffin Claw Brewing Company,MI,Midwest,American Pale Wheat Ale,Pale Ale,Ale,16,4.5,6
Weisse Versa 2012,Karbach Brewing Company,TX,South,Hefeweizen,German Ale,Ale,12,5.2,16
The Green Room,Uncle Billys Brewery and Smokeh,TX,South,American IPA,IPA,Strong Ale,16,6.0,75
2014 IPA Cicada Series,Southern Prohibition Brewing Com,MS,Midwest,American IPA,IPA,Strong Ale,16,7.5,72
Morning Wood Wheat Current,Pug Ryans Brewery,CO,West,American Pale Wheat Ale,Pale Ale,Ale,12,5.9,14
Old Soul,Crazy Mountain Brewing Company,CO,West,Belgian Strong Pale Ale,Belgian,Ale,12,7.5,25
Extra Pale Ale,Summit Brewing Company,MN,Midwest,American Pale Ale APA,Pale Ale,Ale,12,5.3,49
Hunny Do Wheat,Third Street Brewhouse,MN,Midwest,American Pale Wheat Ale,Pale Ale,Ale,12,4.8,18
Sinister Minister Black IPA,Southern Prohibition Brewing Com,MS,Midwest,American IPA,IPA,Strong Ale,16,7.7,65
Little Red Cap,Grimm Brothers Brewhouse,CO,West,Altbier,German Ale,Ale,12,6.3,43
Perpetual Darkness,Odyssey Beerwerks,CO,West,Belgian Strong Dark Ale,Belgian,Ale,12,9.2,72
Watershed IPA,Oakshire Brewing,OR,West,American IPA,IPA,Strong Ale,12,6.7,70
Peacemaker Pale Ale,Lonerider Brewing Company,NC,South,American Pale Ale APA,Pale Ale,Ale,12,5.7,47
Shotgun Betty,Lonerider Brewing Company,NC,South,Hefeweizen,German Ale,Ale,12,5.8,11
Ultra Gnar Gnar IPA,Base Camp Brewing Co,OR,West,American IPA,IPA,Strong Ale,12,6.7,60
Knotty Blonde Ale,Three Creeks Brewing,OR,West,American Blonde Ale,Pale Ale,Ale,12,4.0,18
Hoodoo Voodoo IPA,Three Creeks Brewing,OR,West,American IPA,IPA,Strong Ale,12,6.2,82
Hopportunity Knocks IPA,Caldera Brewing Company,OR,West,American IPA,IPA,Strong Ale,12,6.8,100
Wild Trail Pale Ale,Greenbrier Valley Brewing Company,WV,South,American Pale Ale APA,Pale Ale,Ale,12,5.7,44
Camelback,Phoenix Ale Brewery,AZ,West,American IPA,IPA,Strong Ale,12,6.1,60
PUNKN,Uinta Brewing Company,UT,West,Pumpkin Ale,Ale - Other,Ale,12,5.0,10
Sunbru Klsch,Four Peaks Brewing Company,AZ,West,Klsch,German Ale,Ale,12,5.2,17
Summer Brew,Woodstock Inn Station  Brewery,NH,Northeast,American Pilsner,Pale Ale,Ale,12,2.8,15
Homefront IPA,Sly Fox Brewing Company,PA,Northeast,American IPA,IPA,Strong Ale,12,6.0,70
Beer Agent ReIgnition,Great Crescent Brewery,IN,Midwest,American Blonde Ale,Pale Ale,Ale,16,5.3,22
Pinner Throwback IPA,Oskar Blues Brewery,CO,West,American IPA,IPA,Strong Ale,12,4.9,35
Power  Light,Independence Brewing Company,TX,South,American Pale Ale APA,Pale Ale,Ale,12,5.5,42
Devils Harvest Extra Pale Ale,Southern Prohibition Brewing Com,MS,Midwest,American Pale Ale APA,Pale Ale,Ale,12,5.8,60
Suzy B Dirty Blonde Ale,Southern Prohibition Brewing Com,MS,Midwest,American Blonde Ale,Pale Ale,Ale,12,5.0,20
The Golden One,High Hops Brewery,CO,West,American Pilsner,Pale Ale,Ale,12,6.3,21
The Power of Zeus,High Hops Brewery,CO,West,American Pale Ale APA,Pale Ale,Ale,12,7.0,68
Aviator Raspberry Blonde,Crooked Fence Brewing Company,ID,West,American Blonde Ale,Pale Ale,Ale,12,4.9,25
Little Sister India Style Session Ale,Everybodys Brewing,WA,West,American IPA,IPA,Strong Ale,12,4.3,60
Hinchtown Hammer Down,Flat 12 Bierwerks,IN,Midwest,American Blonde Ale,Pale Ale,Ale,16,5.0,27
Point Cascade Pale Ale 2013,Stevens Point Brewery,WI,Midwest,American Pale Ale APA,Pale Ale,Ale,12,5.4,33
Salamander Slam,Frog Level Brewing Company,NC,South,American IPA,IPA,Strong Ale,16,7.0,73
Blonde Hunny,Wild Wolf Brewing Company,VA,South,Belgian Pale Ale,Pale Ale,Ale,12,6.8,21
Seventh Son of a Seventh Son,Seventh Son Brewing Company,OH,Midwest,American Strong Ale,Strong Ale,Strong Ale,16,7.7,40
Torpedo,Sierra Nevada Brewing Company,CA,West,American IPA,IPA,Strong Ale,12,7.2,65
Day Hike Session,Two Beers Brewing Company,WA,West,American IPA,IPA,Strong Ale,12,4.1,41
Ranger IPA,New Belgium Brewing Company,CO,West,American IPA,IPA,Strong Ale,12,6.5,70
Pride of Texas Pale Ale,Rahr  Sons Brewing Company,TX,South,American Pale Ale APA,Pale Ale,Ale,12,5.8,60
Bohemian Pils,Narragansett Brewing Company,RI,Northeast,American Pilsner,Pale Ale,Ale,16,5.2,30
Ermals,Warped Wing Brewing Company,OH,Midwest,Cream Ale,Pale Ale,Ale,16,5.4,20
Scarecrow,450 North Brewing Company,IN,Midwest,American IPA,IPA,Strong Ale,16,6.9,65
Ironman,450 North Brewing Company,IN,Midwest,English Strong Ale,Strong Ale,Strong Ale,16,9.0,50
Honey Kolsch,450 North Brewing Company,IN,Midwest,Klsch,German Ale,Ale,16,4.6,15
Copperhead Amber,450 North Brewing Company,IN,Midwest,Belgian Dark Ale,Belgian,Ale,16,5.2,18
Horny Toad Cerveza,COOP Ale Works,OK,South,American Blonde Ale,Pale Ale,Ale,16,5.3,25
White 2015,Real Ale Brewing Company,TX,South,Witbier,Belgian,Ale,12,4.6,25
Sol Drifter,Madtree Brewing Company,OH,Midwest,American Blonde Ale,Pale Ale,Ale,12,4.3,18
Mountain Rescue Pale Ale,Goodlife Brewing Co,OR,West,American Pale Ale APA,Pale Ale,Ale,12,5.5,40
Sunshine Pils,Tregs Brewing Company,PA,Northeast,American Pilsner,Pale Ale,Ale,12,4.5,45
312 Urban Pale Ale,Goose Island Brewing Company,IL,Midwest,American Pale Ale APA,Pale Ale,Ale,12,5.4,30
312 Urban Wheat Ale,Goose Island Brewing Company,IL,Midwest,American Pale Wheat Ale,Pale Ale,Ale,16,4.2,18
Hopworks IPA,Hopworks Urban Brewery,OR,West,American IPA,IPA,Strong Ale,16,6.6,75
Goose Island India Pale Ale,Goose Island Brewery Company,IL,Midwest,American IPA,IPA,Strong Ale,12,5.9,55
Double D Blonde,Hop Valley Brewing Company,OR,West,American Blonde Ale,Pale Ale,Ale,12,4.9,20
Worthy IPA,Worthy Brewing Company,OR,West,American IPA,IPA,Strong Ale,12,6.9,69
Abominable Winter Ale,Hopworks Urban Brewery,OR,West,American Strong Ale,Strong Ale,Strong Ale,16,7.3,70
Campside Session IPA,Upland Brewing Company,IN,Midwest,American IPA,IPA,Strong Ale,16,4.5,50
Lost Meridian Wit,Base Camp Brewing Co,OR,West,Witbier,Belgian,Ale,12,5.0,20
Tsunami IPA,Mehana Brewing Co,HI,West,American IPA,IPA,Strong Ale,12,7.2,75
Humpback Blonde Ale,Mehana Brewing Co,HI,West,American Blonde Ale,Pale Ale,Ale,12,4.2,22
Mauna Kea Pale Ale,Mehana Brewing Co,HI,West,American Pale Ale APA,Pale Ale,Ale,12,5.4,42
Mound Builder IPA,Peoples Brewing Company,IN,Midwest,American IPA,IPA,Strong Ale,12,6.5,77
Amazon Princess IPA,Peoples Brewing Company,IN,Midwest,American IPA,IPA,Strong Ale,12,6.2,62
Joey Wheat,Burn Em Brewing,IN,Midwest,American Pale Wheat Ale,Pale Ale,Ale,16,6.8,16
City of the Sun,Modern Times Beer,CA,West,American IPA,IPA,Strong Ale,16,7.5,85
333 Black IPA,Burn Em Brewing,IN,Midwest,American IPA,IPA,Strong Ale,16,7.2,86
Booming Rollers,Modern Times Beer,CA,West,American IPA,IPA,Strong Ale,16,6.8,75
Oneida,Modern Times Beer,CA,West,American Pale Ale APA,Pale Ale,Ale,16,5.2,50
Beyond The Pale IPA,Stevens Point Brewery,WI,Midwest,American IPA,IPA,Strong Ale,12,6.3,64
002 American IPA,Wisconsin Brewing Company,WI,Midwest,American IPA,IPA,Strong Ale,12,7.1,60
004 Session IPA,Wisconsin Brewing Company,WI,Midwest,American IPA,IPA,Strong Ale,12,4.8,38
Robert Earl Keen Honey Pils,Pedernales Brewing Company,TX,South,American Pilsner,Pale Ale,Ale,12,5.0,17
Screamin Pumpkin,Griffin Claw Brewing Company,MI,Midwest,Pumpkin Ale,Ale - Other,Ale,16,5.0,25
Grind Line,Griffin Claw Brewing Company,MI,Midwest,American Pale Ale APA,Pale Ale,Ale,16,5.0,35
Monarch Classic American Wheat,Grapevine Craft Brewery,TX,South,American Pale Wheat Ale,Pale Ale,Ale,12,4.3,21
Lakefire Rye Pale Ale,Grapevine Craft Brewery,TX,South,American Pale Ale APA,Pale Ale,Ale,12,5.5,35
1836,Buffalo Bayou Brewing Company,TX,South,American Blonde Ale,Pale Ale,Ale,12,6.0,40
Summers Wit,Buffalo Bayou Brewing Company,TX,South,Witbier,Belgian,Ale,12,6.0,20
Broken Bridge,Texian Brewing Co,TX,South,Dunkelweizen,German Ale,Ale,12,5.6,12
Brutus,Texian Brewing Co,TX,South,English India Pale Ale IPA,IPA,Strong Ale,12,7.1,69
What the Butler Saw,Forgotten Boardwalk,NJ,Northeast,Witbier,Belgian,Ale,12,5.0,18
1916 Shore Shiver,Forgotten Boardwalk,NJ,Northeast,American IPA,IPA,Strong Ale,12,6.9,65
Laughing Dog Cream Ale,Laughing Dog Brewing Company,ID,West,Cream Ale,Pale Ale,Ale,12,5.0,12
Even Keel,Ballast Point Brewing Company,CA,West,American IPA,IPA,Strong Ale,12,3.8,40
Apr Shred,Big Choice Brewing,CO,West,American Strong Ale,Strong Ale,Strong Ale,16,8.1,17
Arcus IPA,Big Storm Brewing Company,FL,South,American IPA,IPA,Strong Ale,12,6.9,81
Pleasure Town,Midnight Sun Brewing Company,AK,West,American IPA,IPA,Strong Ale,12,6.3,61
Trail Head,Fat Heads Brewery,OH,Midwest,American Pale Ale APA,Pale Ale,Ale,12,6.3,55
Hop Stalker Fresh Hop IPA,Fat Heads Brewery,OH,Midwest,American IPA,IPA,Strong Ale,16,7.0,80
Blood Orange Wit,Refuge Brewery,CA,West,Witbier,Belgian,Ale,16,5.0,16
Hop Up Offa That Brett 2014,Sun King Brewing Company,IN,Midwest,Belgian Pale Ale,Pale Ale,Ale,16,5.8,20
Bourbon Barrel Batch 666 Sympathy for the Devil,Sun King Brewing Company,IN,Midwest,Belgian Dark Ale,Belgian,Ale,16,9.9,36
8 Barrel,Chatham Brewing,NY,Northeast,American Strong Ale,Strong Ale,Strong Ale,16,8.0,69
No Wake IPA,Geneva Lake Brewing Company,WI,Midwest,American IPA,IPA,Strong Ale,12,7.2,50
Boathouse Blonde,Geneva Lake Brewing Company,WI,Midwest,American Blonde Ale,Pale Ale,Ale,12,4.9,15
Slow Ride,Oasis Texas Brewing Company,TX,South,American Pale Ale APA,Pale Ale,Ale,12,4.8,35
Weize Guy,Joseph James Brewing Company,NV,West,Hefeweizen,German Ale,Ale,12,5.0,15
Killer Kolsch,Champion Brewing Company,VA,South,Klsch,German Ale,Ale,12,5.0,22
Pale Alement,Burn Em Brewing,IN,Midwest,American Pale Ale APA,Pale Ale,Ale,16,5.5,40
Dankosaurus,Cedar Creek Brewery,TX,South,American IPA,IPA,Strong Ale,16,6.8,70
Bravo Four Point,Devils Backbone Brewing Company,VA,South,American Pale Ale APA,Pale Ale,Ale,12,4.4,45
Cream Ale,Newburgh Brewing Company,NY,Northeast,Cream Ale,Pale Ale,Ale,12,4.2,35
Skylight,New Republic Brewing Company,TX,South,Dunkelweizen,German Ale,Ale,12,5.6,20
Kadigan,New Republic Brewing Company,TX,South,American Blonde Ale,Pale Ale,Ale,12,5.6,30
Infamous IPA,Infamous Brewing Company,TX,South,American IPA,IPA,Strong Ale,12,7.0,75
Ballistic Blonde,Lucky Town Brewing Company,MS,Midwest,Belgian Pale Ale,Pale Ale,Ale,12,5.1,31
Golden Fleece,Quest Brewing Company,SC,South,Belgian Pale Ale,Pale Ale,Ale,12,4.5,35
Tropicalia,Creature Comforts,GA,South,American IPA,IPA,Strong Ale,12,6.5,65
Pursuit,Half Full Brewery,CT,Northeast,American IPA,IPA,Strong Ale,12,7.0,40
Vertex IPA,Destihl Brewery,IL,Midwest,American IPA,IPA,Strong Ale,12,6.3,76
Pail Ale,Chapmans Brewing,IN,Midwest,American Pale Ale APA,Pale Ale,Ale,16,5.5,30
Operation Homefront,Cigar City Brewing Company,FL,South,American IPA,IPA,Strong Ale,12,6.2,65
Norms Gateway IPA,Griffin Claw Brewing Company,MI,Midwest,American IPA,IPA,Strong Ale,12,4.0,55
Barrio Blanco,Barrio Brewing Company,AZ,West,American IPA,IPA,Strong Ale,12,6.0,60
Fistful Of Hops Red,Sun King Brewing Company,IN,Midwest,American IPA,IPA,Strong Ale,16,6.4,75
Fistful of Hops Orange,Sun King Brewing Company,IN,Midwest,American IPA,IPA,Strong Ale,16,6.3,75
Fistful Of Hops Blue,Sun King Brewing Company,IN,Midwest,American IPA,IPA,Strong Ale,16,6.4,75
Fistful of Hops Green,Sun King Brewing Company,IN,Midwest,American IPA,IPA,Strong Ale,16,6.4,75
Bitter Bitch,18th Street Brewery,IN,Midwest,American Pale Ale APA,Pale Ale,Ale,12,6.1,60
Texas Pale Ale TPA,South Austin Brewery,TX,South,American IPA,IPA,Strong Ale,16,5.5,40
Kol Beer,South Austin Brewery,TX,South,Klsch,German Ale,Ale,16,5.0,22
FMB 101,Figueroa Mountain Brewing Company,CA,West,Klsch,German Ale,Ale,12,4.8,20
SkyFive,Bauhaus Brew Labs,MN,Midwest,American IPA,IPA,Strong Ale,12,6.7,70
Sensi Harvest,Sixpoint Craft Ales,NY,Northeast,American Pale Ale APA,Pale Ale,Ale,12,4.7,50
Ozark American Pale Ale,Ozark Beer Company,AR,South,American Pale Ale APA,Pale Ale,Ale,12,4.0,39
Ghost Ship White IPA,Capital Brewery,WI,Midwest,American IPA,IPA,Strong Ale,12,5.6,55
Upland Wheat Ale,Upland Brewing Company,IN,Midwest,Witbier,Belgian,Ale,16,4.5,15
Overgrown American Pale Ale,Otter Creek Brewing,VT,Northeast,American Pale Ale APA,Pale Ale,Ale,12,5.5,55
Almanac IPA,Tractor Brewing Company,NM,West,American IPA,IPA,Strong Ale,12,6.2,72
Zen,Rhinegeist Brewery,OH,Midwest,American Pale Ale APA,Pale Ale,Ale,12,4.3,45
SunSpot Golden Ale,SanTan Brewing Company,AZ,West,American Blonde Ale,Pale Ale,Ale,12,5.0,15
Missile IPA,Champion Brewing Company,VA,South,American IPA,IPA,Strong Ale,12,7.0,65
Thai Style White IPA,Upslope Brewing Company,CO,West,American White IPA,IPA,Strong Ale,12,6.5,33
Summer Session Ale,Peak Organic Brewing Company,ME,Northeast,American Pale Wheat Ale,Pale Ale,Ale,12,5.0,61
Long Trail IPA,Long Trail Brewing Company,VT,Northeast,English India Pale Ale IPA,IPA,Strong Ale,12,5.9,42
Trader Session IPA,Uinta Brewing Company,UT,West,American IPA,IPA,Strong Ale,12,4.0,42
Commotion APA,Great Raft Brewing Company,LA,South,American Pale Ale APA,Pale Ale,Ale,12,5.2,49
Freeride APA,Alaskan Brewing Company,AK,West,American Pale Ale APA,Pale Ale,Ale,12,5.3,40
Alaskan Amber,Alaskan Brewing Company,AK,West,Altbier,German Ale,Ale,12,5.3,18
40 Mile IPA,Three Notchd Brewing Company,VA,South,American IPA,IPA,Strong Ale,12,6.0,50
Fresh Slice White IPA,Otter Creek Brewing,VT,Northeast,American White IPA,IPA,Strong Ale,12,5.5,45
Montauk Summer Ale,Montauk Brewing Company,NY,Northeast,American Blonde Ale,Pale Ale,Ale,12,5.6,28
Sierra Nevada Pale Ale,Sierra Nevada Brewing Company,CA,West,American Pale Ale APA,Pale Ale,Ale,16,5.6,37
White Rabbit,Independence Brewing Company,TX,South,Witbier,Belgian,Ale,12,5.9,27
Let It Ride IPA,Indeed Brewing Company,MN,Midwest,American IPA,IPA,Strong Ale,12,6.8,90
Bent Hop Golden IPA,Bent Paddle Brewing Company,MN,Midwest,American IPA,IPA,Strong Ale,12,6.2,68
Blackmarket Rye IPA,Black Market Brewing Company,CA,West,American IPA,IPA,Strong Ale,12,7.5,35
Black Market Hefeweizen,Black Market Brewing Company,CA,West,Hefeweizen,German Ale,Ale,12,5.0,8
Aftermath Pale Ale,Black Market Brewing Company,CA,West,American Pale Ale APA,Pale Ale,Ale,12,5.8,44
Groupe G,Headlands Brewing Company,CA,West,Belgian IPA,IPA,Strong Ale,16,7.6,65
Longhop IPA,Bolero Snort Brewery,NJ,Northeast,American IPA,IPA,Strong Ale,16,4.2,30
Abbeys Single Ale Current,Destihl Brewery,IL,Midwest,Abbey Single Ale,Belgian,Ale,12,4.9,22
Thrasher Session India Pale Ale,Defiance Brewing Company,KS,Midwest,American IPA,IPA,Strong Ale,12,4.5,44
Gutch English Style Mild Ale,Defiance Brewing Company,KS,Midwest,English Pale Mild Ale,Pale Ale,Ale,12,5.0,16
Whitecap Wit,Catawba Island Brewing,OH,Midwest,Witbier,Belgian,Ale,16,4.8,16
Seiche Scottish Ale,Catawba Island Brewing,OH,Midwest,Scottish Ale,Strong Ale,Strong Ale,16,7.8,16
Naked Pig Pale Ale,Back Forty Beer Company,AL,South,American Pale Ale APA,Pale Ale,Ale,12,6.0,43
El Chingon IPA,Four Corners Brewing Company,TX,South,American IPA,IPA,Strong Ale,12,7.6,73
Local Buzz,Four Corners Brewing Company,TX,South,American Blonde Ale,Pale Ale,Ale,12,5.2,20
Saint Archer White Ale,Saint Archer Brewery,CA,West,Witbier,Belgian,Ale,12,5.0,15
Saint Archer IPA,Saint Archer Brewery,CA,West,American IPA,IPA,Strong Ale,12,6.8,66
Saint Archer Pale Ale,Saint Archer Brewery,CA,West,American Pale Ale APA,Pale Ale,Ale,12,5.2,40
Saint Archer Blonde,Saint Archer Brewery,CA,West,Klsch,German Ale,Ale,12,4.8,22
Supergoose IPA,Hales Ales,WA,West,American IPA,IPA,Strong Ale,12,6.9,67
IPA  a Half,Tommyknocker Brewery,CO,West,American IPA,IPA,Strong Ale,12,7.3,87
Truth,Rhinegeist Brewery,OH,Midwest,American IPA,IPA,Strong Ale,12,7.2,75
Cougar,Rhinegeist Brewery,OH,Midwest,American Blonde Ale,Pale Ale,Ale,12,4.8,25
American India Red Ale,Black Shirt Brewing Company,CO,West,American Strong Ale,Strong Ale,Strong Ale,12,7.1,83
Hefe Black,Widmer Brothers Brewing Company,OR,West,Hefeweizen,German Ale,Ale,12,4.9,30
Widmer Brothers Hefeweizen,Widmer Brothers Brewing Company,OR,West,Hefeweizen,German Ale,Ale,12,4.9,30
Hop Farm IPA,Hop Farm Brewing Company,PA,Northeast,American IPA,IPA,Strong Ale,12,5.8,45
Our Legacy IPA,Matt Brewing Company,NY,Northeast,American IPA,IPA,Strong Ale,12,6.5,60
312 Urban Wheat Ale,Goose Island Brewing Company,IL,Midwest,American Pale Wheat Ale,Pale Ale,Ale,12,4.2,18
LIFT,Madtree Brewing Company,OH,Midwest,Klsch,German Ale,Ale,12,4.7,11
SPRYE,Madtree Brewing Company,OH,Midwest,American Pale Ale APA,Pale Ale,Ale,12,5.0,40
Pleasure Town IPA,Midnight Sun Brewing Company,AK,West,American IPA,IPA,Strong Ale,12,6.3,61
The Tradition,DC Brau Brewing Company,DC,South,American Blonde Ale,Pale Ale,Ale,12,5.0,15
Rodeo Rye Pale Ale,Payette Brewing Company,ID,West,American Pale Ale APA,Pale Ale,Ale,12,4.2,35
Last Stop IPA,Brew Bus Brewing,FL,South,American IPA,IPA,Strong Ale,12,7.2,60
Are Wheat There Yet,Brew Bus Brewing,FL,South,American Pale Wheat Ale,Pale Ale,Ale,12,5.5,28
Filthy Hoppin IPA,Dirty Bucket Brewing Company,WA,West,American IPA,IPA,Strong Ale,16,6.5,72
Thunder Ann,Jackalope Brewing Company,TN,South,American Pale Ale APA,Pale Ale,Ale,12,5.5,37
On the Count of 3 2015,Baxter Brewing Company,ME,Northeast,Hefeweizen,German Ale,Ale,16,7.0,42
2020 IPA,Golden Road Brewing,CA,West,American IPA,IPA,Strong Ale,16,7.4,74
Hijack,Infamous Brewing Company,TX,South,Cream Ale,Pale Ale,Ale,12,5.5,20
Jacaranada Rye IPA,Claremont Craft Ales,CA,West,American IPA,IPA,Strong Ale,16,6.7,60
Lil SIPA,Rivertown Brewing Company,OH,Midwest,American IPA,IPA,Strong Ale,16,5.0,55
Voodoo Love Child,Voodoo Brewery,PA,Northeast,Tripel,Belgian,Ale,12,9.2,25
White Magick of the Sun,Voodoo Brewery,PA,Northeast,Witbier,Belgian,Ale,12,7.9,23
Humulus Nimbus Super Pale Ale,Seventh Son Brewing Company,OH,Midwest,American Pale Ale APA,Pale Ale,Ale,16,6.0,53
Golden Ratio IPA,Seventh Son Brewing Company,OH,Midwest,American IPA,IPA,Strong Ale,16,7.0,68
GreyBeard IPA,Pisgah Brewing Company,NC,South,American IPA,IPA,Strong Ale,12,6.9,51
Pisgah Pale Ale,Pisgah Brewing Company,NC,South,American Pale Ale APA,Pale Ale,Ale,12,5.7,31
Juke Joint IPA,Tin Roof Brewing Company,LA,South,American IPA,IPA,Strong Ale,12,7.0,60
Just IPA,The Just Beer Project,VT,Northeast,American IPA,IPA,Strong Ale,12,4.6,45
Bronx Summer Pale Ale,The Bronx Brewery,NY,Northeast,American Pale Ale APA,Pale Ale,Ale,16,5.2,16
A Slice of Hefen,La Cumbre Brewing Company,NM,West,Hefeweizen,German Ale,Ale,16,5.4,15
Le Mort Vivant,Southern Star Brewing Company,TX,South,Bire de Garde,Ale - Other,Ale,12,6.9,23
805,Firestone Walker Brewing Company,CA,West,American Blonde Ale,Pale Ale,Ale,12,4.7,20
Gran Met,Voodoo Brewery,PA,Northeast,Belgian Strong Pale Ale,Belgian,Ale,12,9.2,25
Hopped on the High Seas Hop 529,Cigar City Brewing Company,FL,South,American IPA,IPA,Strong Ale,12,7.0,60
Hopped on the High Seas Calypso,Cigar City Brewing Company,FL,South,American IPA,IPA,Strong Ale,12,7.0,60
Hop Nosh IPA,Uinta Brewing Company,UT,West,American IPA,IPA,Strong Ale,12,7.3,83
Iron Horse Pale Ale,Fargo Brewing Company,ND,Midwest,American Pale Ale APA,Pale Ale,Ale,12,5.0,32
Firemans 4 Blonde Ale 2013,Real Ale Brewing Company,TX,South,American Blonde Ale,Pale Ale,Ale,12,5.1,21
Big Sky IPA,Big Sky Brewing Company,MT,West,American IPA,IPA,Strong Ale,12,6.2,65
Scape Goat Pale Ale,Big Sky Brewing Company,MT,West,English Pale Ale,Pale Ale,Ale,12,5.0,40
Montana Trout Slayer Ale,Big Sky Brewing Company,MT,West,American Pale Wheat Ale,Pale Ale,Ale,12,5.0,35
Wick For Brains,Nebraska Brewing Company,NE,Midwest,Pumpkin Ale,Ale - Other,Ale,12,6.1,11
Great Crescent IPA,Great Crescent Brewery,IN,Midwest,American IPA,IPA,Strong Ale,16,6.2,60
Great Crescent Blonde Ale,Great Crescent Brewery,IN,Midwest,American Blonde Ale,Pale Ale,Ale,16,5.3,22
Wolf Among Weeds IPA,Golden Road Brewing,CA,West,American IPA,IPA,Strong Ale,16,8.0,70
DryHopped On The High Seas CaribbeanStyle IPA,Cigar City Brewing Company,FL,South,American IPA,IPA,Strong Ale,12,7.0,60
Hopped on the High Seas Citra,Cigar City Brewing Company,FL,South,American IPA,IPA,Strong Ale,12,7.0,60
Hopped on the High Seas Ahtanum,Cigar City Brewing Company,FL,South,American IPA,IPA,Strong Ale,12,7.0,60
Irregardless IPA,Liquid Hero Brewery,PA,Northeast,American IPA,IPA,Strong Ale,12,6.5,75
Category 3 IPA,Due South Brewing Company,FL,South,American IPA,IPA,Strong Ale,12,6.1,64
The Great Return,Hardywood Park Craft Brewery,VA,South,American IPA,IPA,Strong Ale,16,7.5,70
Troopers Alley IPA,Wolf Hills Brewing Company,VA,South,American IPA,IPA,Strong Ale,12,5.9,135
Madra Allta,Lavery Brewing Company,PA,Northeast,American IPA,IPA,Strong Ale,12,6.4,95
Manzanita IPA,Manzanita Brewing Company,CA,West,American IPA,IPA,Strong Ale,12,8.0,88
Riverwalk Blonde Ale,Manzanita Brewing Company,CA,West,American Blonde Ale,Pale Ale,Ale,12,6.0,25
Manzanita Pale Ale,Manzanita Brewing Company,CA,West,American Pale Ale APA,Pale Ale,Ale,12,6.6,44
King Street IPA,King Street Brewing Company,AK,West,American IPA,IPA,Strong Ale,12,6.0,70
King Street Hefeweizen,King Street Brewing Company,AK,West,Hefeweizen,German Ale,Ale,12,5.7,10
Wet Hot American Wheat Ale,Finchs Beer Company,IL,Midwest,American Pale Wheat Ale,Pale Ale,Ale,16,5.0,22
Trailhead ISA,Two Beers Brewing Company,WA,West,American IPA,IPA,Strong Ale,12,4.8,48
Evo IPA,Two Beers Brewing Company,WA,West,American IPA,IPA,Strong Ale,12,6.2,70
Hop Bomber Rye Pale Ale,Rivertown Brewing Company,OH,Midwest,American Pale Ale APA,Pale Ale,Ale,16,5.5,60
Lucky Day IPA,Central Coast Brewing Company,CA,West,American IPA,IPA,Strong Ale,16,7.2,85
Better Weather IPA,Golden Road Brewing,CA,West,American IPA,IPA,Strong Ale,16,9.4,92
Belgian Style Session Ale,Manayunk Brewing Company,PA,Northeast,Belgian Pale Ale,Pale Ale,Ale,12,4.5,21
Jam Session,NoDa Brewing Company,NC,South,American Pale Ale APA,Pale Ale,Ale,16,5.1,31
Hop Drop N Roll IPA,NoDa Brewing Company,NC,South,American IPA,IPA,Strong Ale,16,7.2,80
Pumpkin Beast,Aviator Brewing Company,NC,South,Pumpkin Ale,Ale - Other,Ale,12,6.2,17
The 12th Can,Hilliards Beer,WA,West,American Pale Ale APA,Pale Ale,Ale,16,4.5,32
Half Cycle IPA,Flat 12 Bierwerks,IN,Midwest,American IPA,IPA,Strong Ale,16,6.0,104
Initial Point India Pale Ale,Slanted Rock Brewing Company,ID,West,American IPA,IPA,Strong Ale,12,7.1,92
Global Warmer,Sixpoint Craft Ales,NY,Northeast,American Strong Ale,Strong Ale,Strong Ale,12,7.0,70
Snow King Pale Ale,Snake River Brewing Company,WY,West,American Pale Ale APA,Pale Ale,Ale,12,6.0,55
Festeroo Winter Ale,Hop Valley Brewing Company,OR,West,American Strong Ale,Strong Ale,Strong Ale,12,7.8,60
Good Vibes IPA,Voodoo Brewery,PA,Northeast,American IPA,IPA,Strong Ale,12,7.3,85
Dagger Falls IPA,Sockeye Brewing Company,ID,West,American IPA,IPA,Strong Ale,12,6.3,100
Dagger Falls IPA,Sockeye Brewing Company,ID,West,American IPA,IPA,Strong Ale,12,6.3,100
Autumnation 2013,Sixpoint Craft Ales,NY,Northeast,American IPA,IPA,Strong Ale,16,6.7,74
12th Round,RoughTail Brewing Company,OK,South,American Strong Ale,Strong Ale,Strong Ale,16,7.6,78
RoughTail IPA,RoughTail Brewing Company,OK,South,American IPA,IPA,Strong Ale,16,7.0,80
KelSo India Pale Ale,KelSo Beer Company,NY,Northeast,American IPA,IPA,Strong Ale,12,6.0,64
Centennial IPA,Founders Brewing Company,MI,Midwest,American IPA,IPA,Strong Ale,12,7.2,65
Weekend Warrior Pale Ale,Karbach Brewing Company,TX,South,American Pale Ale APA,Pale Ale,Ale,12,5.5,40
Batch 69 IPA,Frankenmuth Brewery,MI,Midwest,American IPA,IPA,Strong Ale,12,6.9,69
Dog Days Summer Ale,Round Guys Brewing,PA,Northeast,Klsch,German Ale,Ale,12,4.5,28
Farmer Wirtz India Pale Ale,Bonfire Brewing Company,CO,West,English India Pale Ale IPA,IPA,Strong Ale,16,7.0,94
Full Nelson Pale Ale,Blue Mountain Brewery,VA,South,American Pale Ale APA,Pale Ale,Ale,12,5.9,60
Proxima IPA,Hop Valley Brewing Company,OR,West,American IPA,IPA,Strong Ale,12,6.3,70
Monkey Fist IPA,Shipyard Brewing Company,ME,Northeast,American IPA,IPA,Strong Ale,12,6.9,65
Agave Wheat,Breckenridge Brewery,CO,West,American Pale Wheat Ale,Pale Ale,Ale,12,4.2,9
Modus Hoperandi,Ska Brewing Company,CO,West,American IPA,IPA,Strong Ale,12,6.8,65
Easy Day Kolsch,Worthy Brewing Company,OR,West,Klsch,German Ale,Ale,12,4.5,25
Worthy IPA 2013,Worthy Brewing Company,OR,West,American IPA,IPA,Strong Ale,12,6.9,69
Worthy Pale,Worthy Brewing Company,OR,West,American Pale Ale APA,Pale Ale,Ale,12,6.0,50
Perpetual IPA,Tregs Brewing Company,PA,Northeast,American IPA,IPA,Strong Ale,12,7.5,85
Miami Vice IPA,Miami Brewing Company,FL,South,American IPA,IPA,Strong Ale,12,7.1,62
Flying Jenny Extra Pale Ale,Grey Sail Brewing of Rhode Island,RI,Northeast,American Pale Ale APA,Pale Ale,Ale,12,6.0,54
Country Boy IPA,Everybodys Brewing,WA,West,American IPA,IPA,Strong Ale,12,6.2,80
Fortunate Islands,Modern Times Beer,CA,West,American Pale Wheat Ale,Pale Ale,Ale,16,4.7,46
Point the Way IPA,Golden Road Brewing,CA,West,American IPA,IPA,Strong Ale,16,5.9,60
Golden Road Hefeweizen,Golden Road Brewing,CA,West,Hefeweizen,German Ale,Ale,16,4.6,15
Summer Paradise,Manayunk Brewing Company,PA,Northeast,American Pale Wheat Ale,Pale Ale,Ale,12,5.0,18
51K IPA,Blackrocks Brewery,MI,Midwest,American IPA,IPA,Strong Ale,12,7.0,51
Oval Beach Blonde Ale,Saugatuck Brewing Company,MI,Midwest,American Blonde Ale,Pale Ale,Ale,16,5.0,11
Ananda India Pale Ale,Wiseacre Brewing Company,TN,South,American IPA,IPA,Strong Ale,12,6.2,61
Tiny Bomb,Wiseacre Brewing Company,TN,South,American Pilsner,Pale Ale,Ale,12,4.5,23
Powder Hound Winter Ale,Big Sky Brewing Company,MT,West,English Strong Ale,Strong Ale,Strong Ale,12,7.2,60
Parcae Belgian Style Pale Ale,Fate Brewing Company,CO,West,Belgian Pale Ale,Pale Ale,Ale,16,5.0,20
Norns Roggenbier,Fate Brewing Company,CO,West,Roggenbier,Ale - Other,Ale,16,5.0,20
Laimas Klsch Style Ale,Fate Brewing Company,CO,West,Klsch,German Ale,Ale,16,5.0,20
Moirai India Pale Ale,Fate Brewing Company,CO,West,American IPA,IPA,Strong Ale,16,7.0,70
Dales Pale Ale,Oskar Blues Brewery,CO,West,American Pale Ale APA,Pale Ale,Ale,12,6.5,65
F5 IPA,COOP Ale Works,OK,South,American IPA,IPA,Strong Ale,16,6.8,100
Boat Beer,Carton Brewing Company,NJ,Northeast,American IPA,IPA,Strong Ale,12,4.2,35
Stones Throw IPA,Fargo Brewing Company,ND,Midwest,Scottish Ale,Strong Ale,Strong Ale,12,4.5,19
Wood Chipper India Pale Ale,Fargo Brewing Company,ND,Midwest,American IPA,IPA,Strong Ale,12,6.7,70
Grapefruit Jungle GFJ,Sun King Brewing Company,IN,Midwest,American IPA,IPA,Strong Ale,16,7.5,77
Caldera Pale Ale,Caldera Brewing Company,OR,West,American Pale Ale APA,Pale Ale,Ale,12,5.6,55
Sand Island Lighthouse,Straight to Ale,AL,South,Klsch,German Ale,Ale,12,5.1,25
Klsch 151,Blue Mountain Brewery,VA,South,Klsch,German Ale,Ale,12,4.9,16
Tybee Island Blonde,Coastal Empire Beer Company,GA,South,American Blonde Ale,Pale Ale,Ale,12,4.7,17
Horny Monk,Petoskey Brewing,MI,Midwest,Dubbel,Belgian,Ale,16,6.9,20
Minds Eye PA,Petoskey Brewing,MI,Midwest,American IPA,IPA,Strong Ale,16,6.7,74
Ballast Point Pale Ale,Ballast Point Brewing Company,CA,West,Klsch,German Ale,Ale,12,5.2,23
Big Eye India Pale Ale,Ballast Point Brewing Company,CA,West,American IPA,IPA,Strong Ale,12,7.0,75
Heal the Bay IPA,Golden Road Brewing,CA,West,American IPA,IPA,Strong Ale,16,6.8,65
Pigwar White India Pale Ale,Hopworks Urban Brewery,OR,West,American White IPA,IPA,Strong Ale,16,6.0,60
TwoOne Niner,Laughing Dog Brewing Company,ID,West,American Pilsner,Pale Ale,Ale,12,4.8,9
Laughing Dog IPA,Laughing Dog Brewing Company,ID,West,American IPA,IPA,Strong Ale,12,6.4,66
Hazed  Infused,Boulder Beer Company,CO,West,American Pale Ale APA,Pale Ale,Ale,12,4.9,35
Old Forge Pumpkin Ale,Old Forge Brewing Company,PA,Northeast,Pumpkin Ale,Ale - Other,Ale,16,4.6,20
Double D Blonde 2013,Hop Valley Brewing Company,OR,West,American Blonde Ale,Pale Ale,Ale,12,4.9,20
Osiris Pale Ale,Sun King Brewing Company,IN,Midwest,American Pale Ale APA,Pale Ale,Ale,16,5.6,50
Sweet Action,Sixpoint Craft Ales,NY,Northeast,Cream Ale,Pale Ale,Ale,16,5.2,34
Bengali Tiger,Sixpoint Craft Ales,NY,Northeast,American IPA,IPA,Strong Ale,16,6.4,62
Elephant Rock IPA,Pikes Peak Brewing Company,CO,West,American IPA,IPA,Strong Ale,12,7.0,75
Crank Yanker IPA,Eddyline Brewery  Restaurant,CO,West,American IPA,IPA,Strong Ale,16,7.8,74
Half Full Bright Ale,Half Full Brewery,CT,Northeast,American Blonde Ale,Pale Ale,Ale,12,5.2,18
Monk from the Yunk,Manayunk Brewing Company,PA,Northeast,Tripel,Belgian,Ale,12,9.0,30
Alphadelic IPA,Hop Valley Brewing Company,OR,West,American IPA,IPA,Strong Ale,12,6.5,90
Grazias,Hess Brewing Company,CA,West,Cream Ale,Pale Ale,Ale,16,6.3,30
Summer Solstice,Anderson Valley Brewing Company,CA,West,Cream Ale,Pale Ale,Ale,12,5.6,4
Habitus IPA,Hess Brewing Company,CA,West,American IPA,IPA,Strong Ale,16,8.0,86
Old Chico Crystal Wheat,Sierra Nevada Brewing Company,CA,West,American Pale Wheat Ale,Pale Ale,Ale,12,4.8,26
Hardywood Cream Ale,Hardywood Park Craft Brewery,VA,South,Cream Ale,Pale Ale,Ale,12,4.4,18
Hop Ottin IPA,Anderson Valley Brewing Company,CA,West,American IPA,IPA,Strong Ale,12,7.0,80
Big Rod Coconut Ale,Miami Brewing Company,FL,South,American Blonde Ale,Pale Ale,Ale,12,5.3,16
Green Bullet Organic India Pale Ale,Asher Brewing Company,CO,West,American IPA,IPA,Strong Ale,16,7.0,45
Face Plant IPA,Lost Rhino Brewing Company,VA,South,American IPA,IPA,Strong Ale,12,6.2,65
Blur India Pale Ale,Seabright Brewery,CA,West,American IPA,IPA,Strong Ale,12,7.4,60
Gateway Kolsch Style Ale,French Broad Brewery,NC,South,Klsch,German Ale,Ale,12,5.3,32
Point the Way IPA,Golden Road Brewing,CA,West,American IPA,IPA,Strong Ale,12,5.9,60
Bozone HopZone IPA,Bozeman Brewing Company,MT,West,American IPA,IPA,Strong Ale,12,7.0,80
Bozone Hefe Weizen,Bozeman Brewing Company,MT,West,Hefeweizen,German Ale,Ale,12,6.0,25
Nice Rack IPA,Southern Oregon Brewing Company,OR,West,American IPA,IPA,Strong Ale,16,5.5,65
East India Pale Ale,Brooklyn Brewery,NY,Northeast,English India Pale Ale IPA,IPA,Strong Ale,16,6.8,47
Capital Trail Pale Ale,Hardywood Park Craft Brewery,VA,South,American Pale Ale APA,Pale Ale,Ale,12,5.6,55
El Hefe Speaks,DC Brau Brewing Company,DC,South,Hefeweizen,German Ale,Ale,12,5.3,11
Jack Pine Savage,Big Wood Brewery,MN,Midwest,American Pale Ale APA,Pale Ale,Ale,16,5.3,43
Dales Pale Ale,Oskar Blues Brewery,CO,West,American Pale Ale APA,Pale Ale,Ale,12,6.5,65
Duluchan India Pale Ale,Lavery Brewing Company,PA,Northeast,American IPA,IPA,Strong Ale,12,5.6,70
Main St Virginia Ale,Center of the Universe Brewing C,VA,South,Altbier,German Ale,Ale,12,5.0,40
Ray Rays Pale Ale,Center of the Universe Brewing C,VA,South,American Pale Ale APA,Pale Ale,Ale,12,5.2,42
Big Nose,Swamp Head Brewery,FL,South,American IPA,IPA,Strong Ale,12,7.3,50
Cotton Mouth,Swamp Head Brewery,FL,South,Witbier,Belgian,Ale,12,5.0,10
Stump Knocker Pale Ale,Swamp Head Brewery,FL,South,American Pale Ale APA,Pale Ale,Ale,12,5.6,35
Wild Night,Swamp Head Brewery,FL,South,Cream Ale,Pale Ale,Ale,12,5.9,18
Pace Setter Belgian Style Wit,Mavericks Beer Company,CA,West,Witbier,Belgian,Ale,12,3.7,21
Love Street Summer Seasonal 2014,Karbach Brewing Company,TX,South,Klsch,German Ale,Ale,12,4.7,20
Mad Beach,Aviator Brewing Company,NC,South,American Pale Wheat Ale,Pale Ale,Ale,12,4.8,23
Three Skulls Ale Pale Ale,Northwest Brewing Company,WA,West,American Pale Ale APA,Pale Ale,Ale,16,6.3,42
Point Nude Beach Summer Wheat,Stevens Point Brewery,WI,Midwest,American Pale Wheat Ale,Pale Ale,Ale,16,5.2,7
All Day IPA,Founders Brewing Company,MI,Midwest,American IPA,IPA,Strong Ale,12,4.7,42
SUMR,Uinta Brewing Company,UT,West,American Blonde Ale,Pale Ale,Ale,12,4.0,17
Mirror Pond Pale Ale,Deschutes Brewery,OR,West,American Pale Ale APA,Pale Ale,Ale,12,5.0,40
Northern Lights India Pale Ale,Starr Hill Brewery,VA,South,American IPA,IPA,Strong Ale,16,6.5,52
Striped Bass Pale Ale,Devils Backbone Brewing Company,VA,South,American Pale Ale APA,Pale Ale,Ale,12,5.2,26
Indian Paintbrush IPA,The Black Tooth Brewing Company,WY,West,American IPA,IPA,Strong Ale,12,7.0,75
Wagon Box Wheat Beer,The Black Tooth Brewing Company,WY,West,American Pale Wheat Ale,Pale Ale,Ale,12,5.9,15
Wild Wolf American Pilsner,Wild Wolf Brewing Company,VA,South,American Pilsner,Pale Ale,Ale,12,4.5,25
Alpha Ale,Wild Wolf Brewing Company,VA,South,American Pale Ale APA,Pale Ale,Ale,12,5.1,45
Peninsula Brewers Reserve PBR,Kenai River Brewing Company,AK,West,American Blonde Ale,Pale Ale,Ale,12,5.0,15
Hazy Day BelgianStyle Wit,Grey Sail Brewing of Rhode Island,RI,Northeast,Witbier,Belgian,Ale,16,4.0,20
Kindler Pale Ale,Bonfire Brewing Company,CO,West,American Pale Ale APA,Pale Ale,Ale,12,5.3,45
Elliotts Phoned Home Pale Ale,Cedar Creek Brewery,TX,South,American Pale Ale APA,Pale Ale,Ale,16,5.1,36
Mutiny IPA,Capital Brewery,WI,Midwest,American IPA,IPA,Strong Ale,12,6.2,70
Redacted Rye IPA,Renegade Brewing Company,CO,West,American IPA,IPA,Strong Ale,16,7.0,100
Old Chub,Oskar Blues Brewery North Carol,NC,South,Scottish Ale,Strong Ale,Strong Ale,12,8.0,35
Evolutionary IPA 2012,Two Beers Brewing Company,WA,West,American IPA,IPA,Strong Ale,12,6.2,70
Oatmeal PSA,Airways Brewing Company,WA,West,American Pale Ale APA,Pale Ale,Ale,16,5.0,35
Old Devils Tooth,Sockeye Brewing Company,ID,West,American Barleywine,Strong Ale,Strong Ale,12,9.9,100
Mother Ale,Denali Brewing Company,AK,West,American Blonde Ale,Pale Ale,Ale,12,5.6,46
Lumberyard Pilsner,Lumberyard Brewing Company,AZ,West,American Pilsner,Pale Ale,Ale,12,5.3,20
HellDiver Pale Ale,Sockeye Brewing Company,ID,West,American Pale Ale APA,Pale Ale,Ale,12,5.2,32
Woolybugger Wheat,Sockeye Brewing Company,ID,West,American Pale Wheat Ale,Pale Ale,Ale,12,4.6,12
Nebraska India Pale Ale,Nebraska Brewing Company,NE,Midwest,American IPA,IPA,Strong Ale,12,6.5,65
EOS Hefeweizen,Nebraska Brewing Company,NE,Midwest,Hefeweizen,German Ale,Ale,12,4.8,10
Cardinal Pale Ale,Nebraska Brewing Company,NE,Midwest,American Pale Ale APA,Pale Ale,Ale,12,5.7,29
Humidor Series India Pale Ale,Cigar City Brewing Company,FL,South,American IPA,IPA,Strong Ale,12,7.5,70
Jai Alai IPA Aged on White Oak,Cigar City Brewing Company,FL,South,American IPA,IPA,Strong Ale,12,7.5,70
Pre Flight Pilsner,Airways Brewing Company,WA,West,American Pilsner,Pale Ale,Ale,16,5.2,33
Our Legacy IPA,Matt Brewing Company,NY,Northeast,American IPA,IPA,Strong Ale,16,6.5,60
Bourbon Barrel Wee Mac,Sun King Brewing Company,IN,Midwest,Scottish Ale,Strong Ale,Strong Ale,16,5.4,23
Psychopathy,Madtree Brewing Company,OH,Midwest,American IPA,IPA,Strong Ale,12,6.9,70
Sidekick Extra Pale Ale,Two Brothers Brewing Company,IL,Midwest,American Pale Ale APA,Pale Ale,Ale,12,5.1,36
Suzy B Dirty Blonde Ale,Southern Prohibition Brewing Com,MS,Midwest,American Blonde Ale,Pale Ale,Ale,16,5.0,20
Devils Harvest Extra Pale Ale,Southern Prohibition Brewing Com,MS,Midwest,American Pale Ale APA,Pale Ale,Ale,16,5.8,60
Shenanigans Summer Ale,Indeed Brewing Company,MN,Midwest,American Pale Wheat Ale,Pale Ale,Ale,12,4.6,27
Elder Betty,Magic Hat Brewing Company,VT,Northeast,Hefeweizen,German Ale,Ale,12,5.5,13
Overrated West Coast Style IPA,Surly Brewing Company,MN,Midwest,American IPA,IPA,Strong Ale,16,7.3,69
Descender IPA,Good Life Brewing Company,OR,West,American IPA,IPA,Strong Ale,12,7.0,70
Sweet As Pacific Ale,Good Life Brewing Company,OR,West,American Pale Wheat Ale,Pale Ale,Ale,12,6.0,18
Pablo Beach Pale Ale,Green Room Brewing,FL,South,American Pale Ale APA,Pale Ale,Ale,12,5.0,30
Narragansett Summer Ale,Narragansett Brewing Company,RI,Northeast,American Pale Wheat Ale,Pale Ale,Ale,12,4.2,24
Double Bag,Long Trail Brewing Company,VT,Northeast,Altbier,German Ale,Ale,16,7.2,33
Hop Notch IPA 2013,Uinta Brewing Company,UT,West,American IPA,IPA,Strong Ale,12,7.3,82
Cutthroat Pale Ale,Uinta Brewing Company,UT,West,American Pale Ale APA,Pale Ale,Ale,12,4.0,34
Four Squared 2015,Real Ale Brewing Company,TX,South,American Blonde Ale,Pale Ale,Ale,12,6.0,50
RecreationAle,Terrapin Brewing Company,GA,South,American Pale Ale APA,Pale Ale,Ale,12,4.7,42
Hop Happy,Milwaukee Brewing Company,WI,Midwest,American IPA,IPA,Strong Ale,16,7.5,51
SanTan HefeWeizen,SanTan Brewing Company,AZ,West,Hefeweizen,German Ale,Ale,12,5.0,15
Hop Shock IPA,SanTan Brewing Company,AZ,West,American IPA,IPA,Strong Ale,12,7.0,85
Dales Pale Ale,Oskar Blues Brewery North Carol,NC,South,American Pale Ale APA,Pale Ale,Ale,12,6.5,65
The Hole in Hadrians Wall,Okoboji Brewing Company,IA,Midwest,Scottish Ale,Strong Ale,Strong Ale,16,9.5,19
The Lawn Ranger,Cedar Creek Brewery,TX,South,Cream Ale,Pale Ale,Ale,16,5.0,18
Bourbon Barrel Johan,Sun King Brewing Company,IN,Midwest,English Barleywine,Strong Ale,Strong Ale,16,9.9,60
Outlaw IPA,Payette Brewing Company,ID,West,American IPA,IPA,Strong Ale,12,6.2,65
Back in the Saddle Rye Pale Ale,Mavericks Beer Company,CA,West,American Pale Ale APA,Pale Ale,Ale,12,3.7,53
Bronx Pale Ale,The Bronx Brewery,NY,Northeast,American Pale Ale APA,Pale Ale,Ale,16,6.3,50
Sculpin IPA,Ballast Point Brewing Company,CA,West,American IPA,IPA,Strong Ale,12,7.0,70
Ethos IPA,Tallgrass Brewing Company,KS,Midwest,American IPA,IPA,Strong Ale,16,6.8,110
Old Potentate,Southern Star Brewing Company,TX,South,Old Ale,Strong Ale,Strong Ale,12,7.2,40
500 OClock Afternoon Ale,Renegade Brewing Company,CO,West,American Blonde Ale,Pale Ale,Ale,16,5.0,25
Good People Pale Ale,Good People Brewing Company,AL,South,American Pale Ale APA,Pale Ale,Ale,12,5.6,36
Watershed IPA 2013,Oakshire Brewing,OR,West,American IPA,IPA,Strong Ale,12,6.7,70
Winterfest,Sockeye Brewing Company,ID,West,American Strong Ale,Strong Ale,Strong Ale,16,8.4,90
Loose Cannon,Heavy Seas Beer,MD,South,American IPA,IPA,Strong Ale,12,7.2,45
Bark Bite IPA,Big Wood Brewery,MN,Midwest,American IPA,IPA,Strong Ale,16,6.6,50
WYLD Extra Pale Ale,Uinta Brewing Company,UT,West,American Pale Ale APA,Pale Ale,Ale,12,4.0,29
Rude Parrot IPA,7 Seas Brewing Company,WA,West,American IPA,IPA,Strong Ale,16,5.9,75
Phat Chance,Wild Onion Brewing Company,IL,Midwest,American Blonde Ale,Pale Ale,Ale,12,5.2,27
Des Moines IPA,Confluence Brewing Company,IA,Midwest,American IPA,IPA,Strong Ale,16,6.8,75
Farmer Johns MultiGrain Ale,Confluence Brewing Company,IA,Midwest,American Blonde Ale,Pale Ale,Ale,16,5.6,21
Topcutter India Pale Ale,Bale Breaker Brewing Company,WA,West,American IPA,IPA,Strong Ale,12,6.8,70
Field 41 Pale Ale,Bale Breaker Brewing Company,WA,West,American Pale Ale APA,Pale Ale,Ale,12,4.4,38
Alloy,Tin Man Brewing Company,IN,Midwest,American IPA,IPA,Strong Ale,16,5.8,36
Twister Creek India Pale Ale,Denali Brewing Company,AK,West,American IPA,IPA,Strong Ale,12,6.5,71
Dallas Blonde,Deep Ellum Brewing Company,TX,South,American Blonde Ale,Pale Ale,Ale,12,5.2,23
Long Hammer IPA,Redhook Brewery,WA,West,American IPA,IPA,Strong Ale,16,6.5,44
Deep Ellum IPA,Deep Ellum Brewing Company,TX,South,American IPA,IPA,Strong Ale,12,7.0,70
Gangway IPA,Red Hare Brewing Company,GA,South,American IPA,IPA,Strong Ale,12,6.2,55
Belgorado,Wynkoop Brewing Company,CO,West,Belgian IPA,IPA,Strong Ale,12,6.7,45
The Velvet Fog,Sun King Brewing Company,IN,Midwest,Quadrupel Quad,Belgian,Ale,16,9.0,24
Polar Pale Ale,Broken Tooth Brewing Company,AK,West,American Pale Ale APA,Pale Ale,Ale,12,5.2,17
Frankenlous IPA,Seven Brides Brewery,OR,West,American IPA,IPA,Strong Ale,16,7.0,105
Abominable Winter Ale 2012,Hopworks Urban Brewery,OR,West,American Strong Ale,Strong Ale,Strong Ale,16,7.3,70
Wheat the People,Coalition Brewing Company,OR,West,American Pale Wheat Ale,Pale Ale,Ale,16,4.4,13
Dales Pale Ale 10 Year Anniversary,Oskar Blues Brewery,CO,West,American Pale Ale APA,Pale Ale,Ale,12,6.5,65
Payette Pale Ale,Payette Brewing Company,ID,West,American Pale Ale APA,Pale Ale,Ale,12,4.8,35
Hop Abomination,Dry Dock Brewing Company,CO,West,American IPA,IPA,Strong Ale,12,6.6,100
Dagger Falls IPA,Sockeye Brewing Company,ID,West,American IPA,IPA,Strong Ale,12,6.3,100
Bitter American,21st Amendment Brewery,CA,West,American Pale Ale APA,Pale Ale,Ale,12,4.4,42
Fremont Summer Ale,Fremont Brewing Company,WA,West,American Pale Ale APA,Pale Ale,Ale,12,6.5,45
Dry Dock Hefeweizen,Dry Dock Brewing Company,CO,West,Hefeweizen,German Ale,Ale,12,4.3,12
British Pale Ale 2010,7 Seas Brewing Company,WA,West,English Pale Ale,Pale Ale,Ale,16,5.4,30
Widespread Wit,Great River Brewery,IA,Midwest,Witbier,Belgian,Ale,16,5.5,10
483 Pale Ale,Great River Brewery,IA,Midwest,American Pale Ale APA,Pale Ale,Ale,16,5.3,48
Cane and Ebel,Two Brothers Brewing Company,IL,Midwest,American Strong Ale,Strong Ale,Strong Ale,12,7.0,68
Universale Pale Ale,Fremont Brewing Company,WA,West,American Pale Ale APA,Pale Ale,Ale,12,5.6,30
Interurban IPA,Fremont Brewing Company,WA,West,American IPA,IPA,Strong Ale,12,6.5,80
Bombshell Blonde,Southern Star Brewing Company,TX,South,American Blonde Ale,Pale Ale,Ale,16,5.0,20
Devils Ale,SanTan Brewing Company,AZ,West,American Pale Ale APA,Pale Ale,Ale,12,5.5,45
Desolation IPA,Amnesia Brewing Company,WA,West,American IPA,IPA,Strong Ale,16,6.2,43
Firemans 4 Blonde Ale 2015,Real Ale Brewing Company,TX,South,American Blonde Ale,Pale Ale,Ale,12,5.1,21
Dales Pale Ale 2012,Oskar Blues Brewery,CO,West,American Pale Ale APA,Pale Ale,Ale,12,6.5,65
Tonganoxie Honey Wheat,High Noon Saloon And Brewery,KS,Midwest,American Pale Wheat Ale,Pale Ale,Ale,12,4.4,22
Point Nude Beach Summer Wheat,Stevens Point Brewery,WI,Midwest,American Pale Wheat Ale,Pale Ale,Ale,12,5.0,7
Hoopla Pale Ale,Boulder Beer Company,CO,West,American Pale Ale APA,Pale Ale,Ale,12,5.7,35
21st Amendment IPA 2006,21st Amendment Brewery,CA,West,American IPA,IPA,Strong Ale,12,7.0,70
Brew Free or Die IPA 2008,21st Amendment Brewery,CA,West,American IPA,IPA,Strong Ale,12,7.0,70
Brew Free or Die IPA 2009,21st Amendment Brewery,CA,West,American IPA,IPA,Strong Ale,12,7.0,70
Caldera IPA 2009,Caldera Brewing Company,OR,West,American IPA,IPA,Strong Ale,12,6.1,94
Caldera IPA 2007,Caldera Brewing Company,OR,West,American IPA,IPA,Strong Ale,12,6.1,94
Caldera Pale Ale 2010,Caldera Brewing Company,OR,West,American Pale Ale APA,Pale Ale,Ale,12,5.6,55
Caldera Pale Ale 2009,Caldera Brewing Company,OR,West,American Pale Ale APA,Pale Ale,Ale,12,5.6,55
Caldera Pale Ale 2005,Caldera Brewing Company,OR,West,American Pale Ale APA,Pale Ale,Ale,12,5.6,55
Caldera Pale Ale 2007,Caldera Brewing Company,OR,West,American Pale Ale APA,Pale Ale,Ale,12,5.6,55
Old Chub 2008,Oskar Blues Brewery,CO,West,Scottish Ale,Strong Ale,Strong Ale,12,8.0,35
Old Chub 2004,Oskar Blues Brewery,CO,West,Scottish Ale,Strong Ale,Strong Ale,12,8.0,35
Old Chub 2003,Oskar Blues Brewery,CO,West,Scottish Ale,Strong Ale,Strong Ale,12,8.0,35
Blueberry Blonde Ale,Matt Brewing Company,NY,Northeast,American Blonde Ale,Pale Ale,Ale,12,5.0,12
Point Nude Beach Summer Wheat 2011,Stevens Point Brewery,WI,Midwest,American Pale Wheat Ale,Pale Ale,Ale,12,5.0,7
Montana Trout Slayer Ale 2012,Big Sky Brewing Company,MT,West,American Pale Wheat Ale,Pale Ale,Ale,12,5.0,35
American Idiot Ale 2012,SanTan Brewing Company,AZ,West,American Pale Ale APA,Pale Ale,Ale,12,5.5,45
Ace IPA,Wingman Brewers,WA,West,American IPA,IPA,Strong Ale,16,7.4,83
Double Haul IPA 2009,Kettle House Brewing Company,MT,West,American IPA,IPA,Strong Ale,16,6.5,65
Double Haul IPA 2006,Kettle House Brewing Company,MT,West,American IPA,IPA,Strong Ale,16,6.5,65
Dales Pale Ale 2011,Oskar Blues Brewery,CO,West,American Pale Ale APA,Pale Ale,Ale,12,6.5,65
Dales Pale Ale 2010,Oskar Blues Brewery,CO,West,American Pale Ale APA,Pale Ale,Ale,12,6.5,65
Summer Solstice Cerveza Crema 2009,Anderson Valley Brewing Company,CA,West,Cream Ale,Pale Ale,Ale,12,5.6,4
Burning Bush Smoked IPA,Golden Road Brewing,CA,West,American IPA,IPA,Strong Ale,16,8.0,70
Wolf Among Weeds IPA 2012,Golden Road Brewing,CA,West,American IPA,IPA,Strong Ale,16,8.0,70
Dales Pale Ale 2008,Oskar Blues Brewery,CO,West,American Pale Ale APA,Pale Ale,Ale,12,6.5,65
Dales Pale Ale 2006,Oskar Blues Brewery,CO,West,American Pale Ale APA,Pale Ale,Ale,12,6.5,65
Dales Pale Ale 2004,Oskar Blues Brewery,CO,West,American Pale Ale APA,Pale Ale,Ale,12,6.5,65
Dales Pale Ale 2003,Oskar Blues Brewery,CO,West,American Pale Ale APA,Pale Ale,Ale,12,6.5,65
Dales Pale Ale 2002,Oskar Blues Brewery,CO,West,American Pale Ale APA,Pale Ale,Ale,12,6.5,65
California Sunshine Rye IPA,Devils Canyon Brewery,CA,West,American IPA,IPA,Strong Ale,16,7.1,85
Day Tripper Pale Ale,Indeed Brewing Company,MN,Midwest,American Pale Ale APA,Pale Ale,Ale,12,5.4,45
Hilliards Blonde,Hilliards Beer,WA,West,American Blonde Ale,Pale Ale,Ale,16,4.9,20
Over the Rail Pale Ale,Pug Ryans Brewery,CO,West,American Pale Ale APA,Pale Ale,Ale,12,5.7,68
Devils Tramping Ground Tripel,Aviator Brewing Company,NC,South,Tripel,Belgian,Ale,12,9.2,5
Stimulator Pale Ale,Pateros Creek Brewing Company,CO,West,American Pale Ale APA,Pale Ale,Ale,16,5.3,48
Old Town Ale,Pateros Creek Brewing Company,CO,West,Klsch,German Ale,Ale,16,4.5,22
Flying Jenny Extra Pale Ale 2012,Grey Sail Brewing of Rhode Island,RI,Northeast,American Pale Ale APA,Pale Ale,Ale,12,6.0,54
Blue Point White IPA,Blue Point Brewing Company,NY,Northeast,American White IPA,IPA,Strong Ale,12,6.0,40
Lava Lake Wit,Crazy Mountain Brewing Company,CO,West,Witbier,Belgian,Ale,12,5.2,15
Upslope Belgian Style Pale Ale,Upslope Brewing Company,CO,West,Belgian Pale Ale,Pale Ale,Ale,12,7.5,30
Summertime Ale,Crystal Springs Brewing Company,CO,West,Klsch,German Ale,Ale,16,5.2,23
Halcyon Unfiltered Wheat,Tallgrass Brewing Company,KS,Midwest,American Pale Wheat Ale,Pale Ale,Ale,16,5.0,20
Mucho Aloha Hawaiian Pale Ale,Butchers Brewing,CA,West,American Pale Ale APA,Pale Ale,Ale,12,5.6,36
Blue Point Summer Ale,Blue Point Brewing Company,NY,Northeast,American Blonde Ale,Pale Ale,Ale,12,4.4,16
Elevated IPA,La Cumbre Brewing Company,NM,West,American IPA,IPA,Strong Ale,16,7.2,100
TailGate IPA,TailGate Beer,CA,West,American IPA,IPA,Strong Ale,12,5.0,44
Hopworks IPA 2012,Hopworks Urban Brewery,OR,West,American IPA,IPA,Strong Ale,16,6.6,75
Three Kings Ale,Stevens Point Brewery,WI,Midwest,Klsch,German Ale,Ale,12,4.9,13
Fairweather IPA,Broken Tooth Brewing Company,AK,West,American IPA,IPA,Strong Ale,12,6.1,64
Hoppy Boy,Twisted Pine Brewing Company,CO,West,American IPA,IPA,Strong Ale,16,6.2,65
Monkeynaut IPA,Straight to Ale,AL,South,American IPA,IPA,Strong Ale,12,7.2,70
Ryeteous Rye IPA 2012,Renegade Brewing Company,CO,West,American IPA,IPA,Strong Ale,16,7.0,100
Firestarter India Pale Ale,Bonfire Brewing Company,CO,West,American IPA,IPA,Strong Ale,16,6.6,72
House Brand IPA,Big River Brewing Company,TN,South,American IPA,IPA,Strong Ale,12,6.0,55
Flagship Ale,Grey Sail Brewing of Rhode Island,RI,Northeast,Cream Ale,Pale Ale,Ale,12,4.9,22
Apollo,Sixpoint Craft Ales,NY,Northeast,American Pale Wheat Ale,Pale Ale,Ale,16,5.2,11
834 Happy As Ale,Blue Blood Brewing Company,NE,Midwest,American Pale Ale APA,Pale Ale,Ale,12,4.6,35
Snake Dog IPA,Flying Dog Brewery,MD,South,American IPA,IPA,Strong Ale,12,7.1,60
Boji Blue Pale Ale,Okoboji Brewing Company,IA,Midwest,American Pale Ale APA,Pale Ale,Ale,16,5.0,45
This Seasons Blonde,Aspen Brewing Company,CO,West,American Blonde Ale,Pale Ale,Ale,12,5.6,27
Independence Pass Ale,Aspen Brewing Company,CO,West,American IPA,IPA,Strong Ale,12,7.0,67
Snowshoe White Ale,Midnight Sun Brewing Company,AK,West,Witbier,Belgian,Ale,12,4.8,12
HGH Home Grown Hops Part Duh,Oskar Blues Brewery,CO,West,American Strong Ale,Strong Ale,Strong Ale,12,8.0,70
Long Hammer IPA,Redhook Brewery,WA,West,American IPA,IPA,Strong Ale,12,6.5,44
312 Urban Wheat Ale 2012,Goose Island Brewing Company,IL,Midwest,American Pale Wheat Ale,Pale Ale,Ale,12,4.2,20
Narragansett Cream Ale,Narragansett Brewing Company,RI,Northeast,Cream Ale,Pale Ale,Ale,16,5.0,22
Big Sky IPA 2012,Big Sky Brewing Company,MT,West,American IPA,IPA,Strong Ale,12,6.2,65
White Thai,Westbrook Brewing Company,SC,South,Witbier,Belgian,Ale,12,5.0,16
Westbrook IPA,Westbrook Brewing Company,SC,South,American IPA,IPA,Strong Ale,12,6.8,65
Long Trail Ale 1,Long Trail Brewing Company,VT,Northeast,Altbier,German Ale,Ale,12,4.6,30
Churchkey Pilsner Style Beer,Churchkey Can Company,WA,West,American Pilsner,Pale Ale,Ale,12,4.9,29
East India Pale Ale,Brooklyn Brewery,NY,Northeast,English India Pale Ale IPA,IPA,Strong Ale,12,6.8,47
Ranger IPA,New Belgium Brewing Company,CO,West,American IPA,IPA,Strong Ale,16,6.5,70
Persnickety Pale,Two Beers Brewing Company,WA,West,American Pale Ale APA,Pale Ale,Ale,12,5.7,36
Jon Boat Coastal Ale,Intuition Ale Works,FL,South,American Blonde Ale,Pale Ale,Ale,12,4.5,20
I10 IPA,Intuition Ale Works,FL,South,American IPA,IPA,Strong Ale,12,6.8,55
Le Mort Vivant 2011,Southern Star Brewing Company,TX,South,Bire de Garde,Ale - Other,Ale,12,6.9,23
Peoples Pale Ale,Intuition Ale Works,FL,South,American Pale Ale APA,Pale Ale,Ale,12,5.3,28
Rocket Girl,Asheville Brewing Company,NC,South,Klsch,German Ale,Ale,12,3.2,27
Point the Way IPA 2012,Golden Road Brewing,CA,West,American IPA,IPA,Strong Ale,16,5.9,60
Golden Road Hefeweizen 2012,Golden Road Brewing,CA,West,Hefeweizen,German Ale,Ale,16,4.6,15
La Perouse White,Maui Brewing Company,HI,West,Witbier,Belgian,Ale,12,5.0,12
Jai Alai IPA,Cigar City Brewing Company,FL,South,American IPA,IPA,Strong Ale,12,7.5,70
Florida Cracker Belgian Wit,Cigar City Brewing Company,FL,South,Witbier,Belgian,Ale,12,5.0,18
Old Elephant Foot IPA,Tampa Bay Brewing Company,FL,South,American IPA,IPA,Strong Ale,16,7.0,80
Big Cock IPA,Great River Brewery,IA,Midwest,American IPA,IPA,Strong Ale,16,7.0,70
Dirty Blonde Ale,Atwater Brewery,MI,Midwest,American Blonde Ale,Pale Ale,Ale,12,4.5,8
Grapefruit Jungle GFJ 2011,Sun King Brewing Company,IN,Midwest,American IPA,IPA,Strong Ale,16,7.5,77
Special Edition Allies Win The War,21st Amendment Brewery,CA,West,English Strong Ale,Strong Ale,Strong Ale,12,8.5,52
Tin Roof Blonde Ale,Tin Roof Brewing Company,LA,South,American Blonde Ale,Pale Ale,Ale,12,4.5,18
Grand Circus IPA,Atwater Brewery,MI,Midwest,American IPA,IPA,Strong Ale,12,5.0,62
Jockamo IPA,Abita Brewing Company,LA,South,American IPA,IPA,Strong Ale,12,6.5,52
Autumnation 201112 2011,Sixpoint Craft Ales,NY,Northeast,Pumpkin Ale,Ale - Other,Ale,16,6.0,48
Evolutionary IPA 2011,Two Beers Brewing Company,WA,West,American IPA,IPA,Strong Ale,12,6.2,70
Alteration,Hops  Grain Brewery,TX,South,Altbier,German Ale,Ale,12,5.1,40
Pale Dog,Hops  Grain Brewery,TX,South,American Pale Ale APA,Pale Ale,Ale,12,6.0,50
Alphadelic IPA 2011,Hop Valley Brewing Company,OR,West,American IPA,IPA,Strong Ale,12,6.5,90
Double D Blonde 2011,Hop Valley Brewing Company,OR,West,American Blonde Ale,Pale Ale,Ale,12,4.9,20
Voodoo Bengal Pale Ale,Tin Roof Brewing Company,LA,South,American Pale Ale APA,Pale Ale,Ale,12,5.5,37
Trailhead India Style Session Ale 2011,Two Beers Brewing Company,WA,West,American IPA,IPA,Strong Ale,12,4.8,48
Great Crescent Belgian Style Wit,Great Crescent Brewery,IN,Midwest,Witbier,Belgian,Ale,16,5.1,13
Fox Tail Gluten Free Ale,Joseph James Brewing Company,NV,West,American Pale Ale APA,Pale Ale,Ale,12,5.0,50
Weisse Versa,Karbach Brewing Company,TX,South,Hefeweizen,German Ale,Ale,12,5.2,15
Hopadillo India Pale Ale,Karbach Brewing Company,TX,South,American IPA,IPA,Strong Ale,12,6.6,70
Dundee Summer Wheat Beer,Dundee Brewing Company,NY,Northeast,American Pale Wheat Ale,Pale Ale,Ale,12,4.5,18
Great Crescent IPA 2011,Great Crescent Brewery,IN,Midwest,American IPA,IPA,Strong Ale,16,6.2,60
Flyin HIPHay,Maui Brewing Company,HI,West,American IPA,IPA,Strong Ale,12,6.8,68
Sockeye Red IPA,Midnight Sun Brewing Company,AK,West,American IPA,IPA,Strong Ale,12,5.7,70
Greenville Pale Ale,Twin Lakes Brewing Company,DE,South,American Pale Ale APA,Pale Ale,Ale,12,5.5,52
Shiva IPA,Asheville Brewing Company,NC,South,American IPA,IPA,Strong Ale,12,6.0,69
Torpedo,Sierra Nevada Brewing Company,CA,West,American IPA,IPA,Strong Ale,16,7.2,65
Sweet Action 2011,Sixpoint Craft Ales,NY,Northeast,Cream Ale,Pale Ale,Ale,16,5.2,34
Bengali Tiger 2011,Sixpoint Craft Ales,NY,Northeast,American IPA,IPA,Strong Ale,16,6.4,62
Mustang Golden Ale,Mustang Brewing Company,OK,South,American Blonde Ale,Pale Ale,Ale,12,5.3,10
Washita Wheat,Mustang Brewing Company,OK,South,American Pale Wheat Ale,Pale Ale,Ale,12,5.3,14
AntiHero IPA,Revolution Brewing Company,IL,Midwest,American IPA,IPA,Strong Ale,12,6.5,70
Bottom Up Belgian Wit,Revolution Brewing Company,IL,Midwest,Witbier,Belgian,Ale,12,5.0,14
Sky High Rye,Arcadia Brewing Company,MI,Midwest,American Pale Ale APA,Pale Ale,Ale,12,6.0,55
Halcyon Unfiltered Wheat,Tallgrass Brewing Company,KS,Midwest,American Pale Wheat Ale,Pale Ale,Ale,12,5.0,20
Narragansett Summer Ale,Narragansett Brewing Company,RI,Northeast,American Pale Wheat Ale,Pale Ale,Ale,16,4.2,24
Snake River Pale Ale,Snake River Brewing Company,WY,West,American Pale Ale APA,Pale Ale,Ale,12,5.2,32
Sierra Nevada Pale Ale,Sierra Nevada Brewing Company,CA,West,American Pale Ale APA,Pale Ale,Ale,12,5.6,37
Pyramid Hefeweizen 2011,Pyramid Breweries,WA,West,Hefeweizen,German Ale,Ale,12,5.2,18
Wild Onion Summer Wit,Wild Onion Brewing Company,IL,Midwest,Witbier,Belgian,Ale,12,4.2,13
SummerBright Ale,Breckenridge Brewery,CO,West,American Pale Wheat Ale,Pale Ale,Ale,12,4.5,15
Crank Yanker IPA 2011,Eddyline Brewery  Restaurant,CO,West,American IPA,IPA,Strong Ale,16,7.8,74
Johan the Barleywine,Sun King Brewing Company,IN,Midwest,English Barleywine,Strong Ale,Strong Ale,16,9.9,60
Pakos EyePA,Snake River Brewing Company,WY,West,American IPA,IPA,Strong Ale,12,6.8,60
Whitsun,Arcadia Brewing Company,MI,Midwest,American Pale Wheat Ale,Pale Ale,Ale,12,6.2,17
Great Crescent Blonde Ale 2011,Great Crescent Brewery,IN,Midwest,American Blonde Ale,Pale Ale,Ale,16,5.3,22
Upstate IPW,Upstate Brewing Company,NY,Northeast,American IPA,IPA,Strong Ale,12,6.5,70
Northern Lights India Pale Ale,Starr Hill Brewery,VA,South,American IPA,IPA,Strong Ale,12,6.5,52
Hop Ottin IPA 2011,Anderson Valley Brewing Company,CA,West,American IPA,IPA,Strong Ale,12,7.0,80
Blacktop Blonde,TailGate Beer,CA,West,American Blonde Ale,Pale Ale,Ale,12,5.0,19
TailGate Hefeweizen,TailGate Beer,CA,West,Hefeweizen,German Ale,Ale,12,4.9,28
Hop Knot IPA,Four Peaks Brewing Company,AZ,West,American IPA,IPA,Strong Ale,12,6.7,47
Bitter American 2011,21st Amendment Brewery,CA,West,American Pale Ale APA,Pale Ale,Ale,12,4.4,42
WET,Surly Brewing Company,MN,Midwest,American IPA,IPA,Strong Ale,16,7.5,90
Vortex IPA,Fort George Brewery,OR,West,American IPA,IPA,Strong Ale,16,7.4,97
Hop Shock IPA 2010,SanTan Brewing Company,AZ,West,American IPA,IPA,Strong Ale,12,7.0,85
Mana Wheat,Maui Brewing Company,HI,West,American Pale Wheat Ale,Pale Ale,Ale,12,5.5,15
Good People IPA,Good People Brewing Company,AL,South,American IPA,IPA,Strong Ale,12,6.0,64
SanTan HefeWeizen 2010,SanTan Brewing Company,AZ,West,Hefeweizen,German Ale,Ale,12,5.0,15
Devils Ale 2010,SanTan Brewing Company,AZ,West,American Pale Ale APA,Pale Ale,Ale,12,5.5,45
Wee Mac ScottishStyle Ale,Sun King Brewing Company,IN,Midwest,Scottish Ale,Strong Ale,Strong Ale,16,5.4,23
Lancaster German Style Klsch,Lancaster Brewing Company,PA,Northeast,Klsch,German Ale,Ale,12,4.8,28
Lucky U IPA,Breckenridge Brewery,CO,West,American IPA,IPA,Strong Ale,12,6.2,68
483 Pale Ale 2010,Great River Brewery,IA,Midwest,American Pale Ale APA,Pale Ale,Ale,16,5.3,48
The Corruption,DC Brau Brewing Company,DC,South,American IPA,IPA,Strong Ale,12,6.5,80
Pamola Xtra Pale Ale,Baxter Brewing Company,ME,Northeast,American Pale Ale APA,Pale Ale,Ale,12,4.9,28
Stowaway IPA,Baxter Brewing Company,ME,Northeast,American IPA,IPA,Strong Ale,12,6.9,69
Kilt Lifter ScottishStyle Ale 2009,Four Peaks Brewing Company,AZ,West,Scottish Ale,Strong Ale,Strong Ale,12,6.0,21
Horny Toad Cerveza 2013,COOP Ale Works,OK,South,American Blonde Ale,Pale Ale,Ale,16,5.3,25
Paddy Pale Ale,Wild Onion Brewing Company,IL,Midwest,American Pale Ale APA,Pale Ale,Ale,12,5.6,41
Scape Goat Pale Ale 2010,Big Sky Brewing Company,MT,West,English Pale Ale,Pale Ale,Ale,12,5.0,40
Silverback Pale Ale,Wynkoop Brewing Company,CO,West,American Pale Ale APA,Pale Ale,Ale,12,5.5,40
Point Nude Beach Summer Wheat 2010,Stevens Point Brewery,WI,Midwest,American Pale Wheat Ale,Pale Ale,Ale,12,5.0,7
Point Cascade Pale Ale,Stevens Point Brewery,WI,Midwest,American Pale Ale APA,Pale Ale,Ale,12,5.4,33
Morning Wood Wheat Current,Pug Ryans Brewery,CO,West,American Pale Wheat Ale,Pale Ale,Ale,12,5.9,14
Full Nelson Pale Ale 2010,Blue Mountain Brewery,VA,South,American Pale Ale APA,Pale Ale,Ale,12,5.9,60
Ranger IPA Current,New Belgium Brewing Company,CO,West,American IPA,IPA,Strong Ale,12,6.5,70
White Rascal,Avery Brewing Company,CO,West,Witbier,Belgian,Ale,12,5.6,10
Avery India Pale Ale,Avery Brewing Company,CO,West,American IPA,IPA,Strong Ale,12,6.3,69
Tallgrass IPA,Tallgrass Brewing Company,KS,Midwest,American IPA,IPA,Strong Ale,16,6.3,60
Colorado Klsch,Steamworks Brewing Company,CO,West,Klsch,German Ale,Ale,12,4.9,17
Third Eye Pale Ale,Steamworks Brewing Company,CO,West,American IPA,IPA,Strong Ale,12,6.5,65
Eddy Out Pale Ale,Kettle House Brewing Company,MT,West,American Pale Ale APA,Pale Ale,Ale,16,5.5,50
Double Haul IPA,Kettle House Brewing Company,MT,West,American IPA,IPA,Strong Ale,16,6.5,65
Haywire Hefeweizen 2010,Pyramid Breweries,WA,West,Hefeweizen,German Ale,Ale,16,5.2,18
Hazed  Infused 2010,Boulder Beer Company,CO,West,American Pale Ale APA,Pale Ale,Ale,12,4.9,35
Summer Solstice 2011,Anderson Valley Brewing Company,CA,West,Cream Ale,Pale Ale,Ale,12,5.6,4
Poleeko Gold Pale Ale 2009,Anderson Valley Brewing Company,CA,West,American Pale Ale APA,Pale Ale,Ale,12,5.5,28
Modus Hoperandi,Ska Brewing Company,CO,West,American IPA,IPA,Strong Ale,12,6.8,65
Sunlight Cream Ale,Sun King Brewing Company,IN,Midwest,Cream Ale,Pale Ale,Ale,16,5.3,20
Osiris Pale Ale 2010,Sun King Brewing Company,IN,Midwest,American Pale Ale APA,Pale Ale,Ale,16,5.6,50
British Pale Ale,7 Seas Brewing Company,WA,West,English Pale Ale,Pale Ale,Ale,16,5.4,30
Pine Belt Pale Ale,Southern Star Brewing Company,TX,South,American Pale Ale APA,Pale Ale,Ale,16,6.5,45
Bombshell Blonde,Southern Star Brewing Company,TX,South,American Blonde Ale,Pale Ale,Ale,12,5.0,20
Caldera Pale Ale 2011,Caldera Brewing Company,OR,West,American Pale Ale APA,Pale Ale,Ale,12,5.6,55
Caldera IPA,Caldera Brewing Company,OR,West,American IPA,IPA,Strong Ale,12,6.1,94
Montana Trout Slayer Ale 2009,Big Sky Brewing Company,MT,West,American Pale Wheat Ale,Pale Ale,Ale,12,5.0,35
Big Swell IPA,Maui Brewing Company,HI,West,American IPA,IPA,Strong Ale,12,6.2,65
113 IPA,Sly Fox Brewing Company,PA,Northeast,American IPA,IPA,Strong Ale,12,7.0,113
Royal Weisse Ale,Sly Fox Brewing Company,PA,Northeast,Hefeweizen,German Ale,Ale,12,5.6,11
Phoenix Pale Ale,Sly Fox Brewing Company,PA,Northeast,American Pale Ale APA,Pale Ale,Ale,12,5.1,40
Furious,Surly Brewing Company,MN,Midwest,American IPA,IPA,Strong Ale,16,6.2,99
Monks Blood,21st Amendment Brewery,CA,West,Belgian Dark Ale,Belgian,Ale,12,8.3,35
Brew Free or Die IPA,21st Amendment Brewery,CA,West,American IPA,IPA,Strong Ale,12,7.0,65
Old Chub,Oskar Blues Brewery,CO,West,Scottish Ale,Strong Ale,Strong Ale,12,8.0,35
Dales Pale Ale,Oskar Blues Brewery,CO,West,American Pale Ale APA,Pale Ale,Ale,12,6.5,65
